filename,color1red,color1green,color1blue,color2red,color2green,color2blue,color3red,color3green,color3blue,color4red,color4green,color4blue,keypoints,descriptors,class
manmade_motorbikes_image_0667.jpg,31,31,28,253,253,254,75,79,87,153,164,182,282,282,manmade
manmade_motorbikes_image_0017.jpg,253,253,253,109,98,96,32,25,24,179,176,175,170,170,manmade
manmade_stapler_image_0008.jpg,192,7,21,252,252,252,84,121,127,88,7,8,126,126,manmade
manmade_ketch_image_0029.jpg,161,172,183,121,137,152,61,70,72,92,108,121,398,398,manmade
manmade_ketch_image_0006.jpg,95,112,150,50,47,78,62,68,114,196,200,218,120,120,manmade
manmade_motorbikes_image_0535.jpg,30,25,41,252,252,252,175,57,71,16,101,235,219,219,manmade
manmade_cellphone_image_0058.jpg,4,5,5,141,141,136,134,179,198,179,203,208,328,328,manmade
manmade_airplane_image_0572.jpg,250,253,253,185,193,203,53,58,60,92,137,175,148,148,manmade
manmade_ferry_image_0063.jpg,223,209,195,102,99,99,67,58,51,177,154,134,648,648,manmade
manmade_motorbikes_image_0153.jpg,200,55,66,66,63,63,250,247,246,180,177,178,284,284,manmade
manmade_airplane_image_0029.jpg,36,31,8,165,171,152,78,88,17,250,248,243,218,218,manmade
manmade_carside_image_0035.jpg,48,48,48,216,216,216,156,156,156,96,96,96,470,470,manmade
manmade_metromanmademe_image_0002.jpg,78,46,23,180,189,180,184,99,53,125,87,64,158,158,manmade
manmade_motorbikes_image_0259.jpg,70,60,54,199,49,39,253,252,251,138,120,107,291,291,manmade
manmade_scissors_image_0036.jpg,32,31,30,143,143,143,233,229,223,87,88,87,107,107,manmade
manmade_motorbikes_image_0286.jpg,64,49,43,173,152,137,120,96,85,252,249,247,415,415,manmade
manmade_motorbikes_image_0439.jpg,100,97,115,253,253,253,189,186,191,33,30,42,245,245,manmade
manmade_motorbikes_image_0137.jpg,145,171,188,32,37,34,247,249,252,102,116,83,345,345,manmade
manmade_airplane_image_0185.jpg,53,60,37,107,102,80,254,254,253,170,153,139,378,378,manmade
manmade_watch_image_0053.jpg,64,62,57,147,143,138,208,206,200,250,249,247,427,427,manmade
manmade_sachroonerimage_0041.jpg,99,146,161,42,49,44,161,179,182,199,207,209,413,413,manmade
manmade_grandpiamanmade_image_0098.jpg,253,253,252,45,34,29,186,146,119,100,74,72,238,238,manmade
manmade_carside_image_0059.jpg,157,157,157,194,194,194,108,108,108,49,49,49,207,207,manmade
manmade_pizza_image_0019.jpg,148,12,12,237,214,127,250,245,228,78,54,37,1373,1373,manmade
manmade_airplane_image_0140.jpg,187,185,190,255,255,255,99,79,71,152,137,130,199,199,manmade
manmade_airplane_image_0219.jpg,82,79,62,173,172,162,48,52,34,130,121,103,535,535,manmade
manmade_cup_image_0054.jpg,48,19,15,161,132,129,199,188,196,141,63,25,478,478,manmade
manmade_bimanmadecular_image_0029.jpg,250,250,250,162,161,162,102,102,105,10,11,11,185,185,manmade
manmade_airplane_image_0127.jpg,162,141,130,251,249,249,36,24,30,88,71,66,375,375,manmade
manmade_watch_image_0143.jpg,85,84,82,233,232,228,9,8,9,176,176,172,515,515,manmade
manmade_dollar_image_0028.jpg,98,116,106,7,10,18,168,187,175,228,242,232,343,343,manmade
manmade_motorbikes_image_0653.jpg,173,166,156,252,250,246,97,94,89,40,31,32,326,326,manmade
manmade_grandpiamanmade_image_0034.jpg,9,7,9,202,199,194,253,253,253,111,104,106,225,225,manmade
manmade_wheelchair_image_0021.jpg,153,154,154,223,223,223,92,94,95,30,31,31,128,128,manmade
manmade_umbrella_image_0002.jpg,36,60,121,18,72,183,252,253,253,115,148,207,250,250,manmade
manmade_mandolin_image_0039.jpg,158,181,177,113,113,103,74,53,44,186,212,215,173,173,manmade
manmade_memanmaderah_image_0032.jpg,4,4,4,23,23,23,235,235,235,254,254,254,667,667,manmade
manmade_minaret_image_0036.jpg,88,71,75,1,1,1,193,192,214,156,157,192,237,237,manmade
manmade_ketch_image_0073.jpg,182,165,159,237,224,212,63,52,47,113,110,113,274,274,manmade
manmade_wheelchair_image_0033.jpg,199,199,199,22,22,22,137,137,137,82,82,82,1127,1127,manmade
manmade_carside_image_0099.jpg,33,33,33,77,77,77,218,218,218,118,118,118,236,236,manmade
manmade_canmanmaden_image_0039.jpg,124,126,117,69,79,74,197,203,214,30,41,36,712,712,manmade
manmade_motorbikes_image_0256.jpg,102,95,91,167,142,144,249,249,250,49,58,50,404,404,manmade
manmade_windsorchair_image_0053.jpg,212,209,208,37,34,35,111,108,110,191,186,185,198,198,manmade
manmade_carside_image_0067.jpg,51,51,51,112,112,112,165,165,165,231,231,231,510,510,manmade
manmade_ferry_image_0059.jpg,113,128,145,190,105,46,235,235,234,37,25,24,323,323,manmade
manmade_umbrella_image_0042.jpg,32,17,68,26,15,13,195,182,171,103,83,65,84,84,manmade
manmade_grandpiamanmade_image_0012.jpg,117,76,51,179,136,99,38,26,19,243,241,232,407,407,manmade
manmade_chair_image_0061.jpg,58,47,26,227,194,134,28,86,86,161,128,77,264,264,manmade
manmade_carside_image_0027.jpg,238,238,238,84,84,84,159,159,159,35,35,35,522,522,manmade
manmade_gramaphone_image_0007.jpg,18,18,18,235,235,235,196,196,196,140,140,140,921,921,manmade
manmade_pyramid_image_0002.jpg,213,194,168,66,43,81,164,112,138,120,76,118,206,206,manmade
manmade_watch_image_0081.jpg,177,142,104,117,62,47,252,250,248,227,202,164,459,459,manmade
manmade_motorbikes_image_0016.jpg,105,99,95,253,253,253,27,23,21,180,178,176,170,170,manmade
manmade_ketch_image_0071.jpg,27,58,82,62,112,162,126,165,197,205,221,234,252,252,manmade
manmade_airplane_image_0021.jpg,249,250,246,47,35,17,147,163,157,125,112,80,411,411,manmade
manmade_ketch_image_0061.jpg,135,159,195,45,51,73,79,98,140,233,236,244,329,329,manmade
manmade_yinyang_image_0036.jpg,119,103,69,162,154,133,52,39,18,235,237,239,194,194,manmade
manmade_airplane_image_0159.jpg,135,158,176,248,247,247,81,64,60,27,14,17,207,207,manmade
manmade_motorbikes_image_0325.jpg,251,252,252,33,45,44,105,130,102,175,177,179,303,303,manmade
manmade_minaret_image_0013.jpg,103,104,66,3,3,1,54,56,26,170,160,103,499,499,manmade
manmade_airplane_image_0514.jpg,246,251,251,95,114,119,182,180,173,80,88,59,143,143,manmade
manmade_headphone_image_0005.jpg,23,17,17,87,77,72,177,169,156,253,253,253,192,192,manmade
manmade_airplane_image_0764.jpg,75,74,66,243,244,246,95,155,188,148,151,151,350,350,manmade
manmade_dollar_image_0019.jpg,244,244,244,81,81,81,188,188,188,131,131,131,745,745,manmade
manmade_revolver_image_0029.jpg,87,63,69,195,188,189,140,117,123,244,249,251,128,128,manmade
manmade_gramaphone_image_0006.jpg,254,254,249,240,218,141,188,150,83,89,82,77,244,244,manmade
manmade_motorbikes_image_0275.jpg,49,47,64,254,253,253,130,120,122,183,170,168,323,323,manmade
manmade_airplane_image_0191.jpg,252,252,251,104,102,91,159,155,153,60,63,37,300,300,manmade
manmade_motorbikes_image_0523.jpg,254,254,253,70,48,35,119,124,102,173,181,162,310,310,manmade
manmade_airplane_image_0335.jpg,171,167,147,235,235,227,120,121,91,60,58,50,536,536,manmade
manmade_motorbikes_image_0529.jpg,127,124,119,39,40,35,254,254,254,226,216,217,232,232,manmade
manmade_saxophone_image_0039.jpg,173,138,126,54,29,29,236,232,224,118,70,70,607,607,manmade
manmade_airplane_image_0796.jpg,119,158,178,63,48,39,249,248,247,141,103,96,174,174,manmade
manmade_cellphone_image_0056.jpg,15,15,15,75,76,76,206,208,209,130,131,132,256,256,manmade
manmade_barrel_image_0035.jpg,102,101,111,228,226,237,172,170,181,33,32,38,324,324,manmade
manmade_cellphone_image_0002.jpg,5,3,3,151,167,170,211,134,93,83,72,75,252,252,manmade
manmade_canmanmaden_image_0040.jpg,169,168,161,58,57,52,220,222,224,102,100,91,430,430,manmade
manmade_windsorchair_image_0052.jpg,112,97,86,196,184,169,61,54,46,229,221,210,245,245,manmade
manmade_motorbikes_image_0524.jpg,149,153,96,214,213,185,67,62,40,254,253,251,263,263,manmade
manmade_headphone_image_0003.jpg,240,239,239,215,214,214,44,25,29,104,98,101,230,230,manmade
manmade_motorbikes_image_0189.jpg,251,251,250,145,152,148,104,100,94,63,44,39,380,380,manmade
manmade_ketch_image_0064.jpg,179,197,204,217,229,232,109,126,140,63,80,97,199,199,manmade
manmade_motorbikes_image_0384.jpg,52,57,67,182,190,184,122,139,110,252,252,252,303,303,manmade
manmade_wheelchair_image_0012.jpg,152,114,72,232,228,195,199,185,140,32,33,25,827,827,manmade
manmade_carside_image_0104.jpg,111,111,111,161,161,161,226,226,226,52,52,52,509,509,manmade
manmade_airplane_image_0636.jpg,50,56,52,252,254,253,43,113,150,166,171,167,103,103,manmade
manmade_barrel_image_0013.jpg,52,40,37,95,88,78,161,171,172,123,129,123,724,724,manmade
manmade_laptop_image_0021.jpg,112,106,103,247,247,245,67,54,50,179,174,169,555,555,manmade
manmade_gramaphone_image_0023.jpg,54,34,37,192,175,149,129,119,95,254,253,252,451,451,manmade
manmade_motorbikes_image_0043.jpg,172,174,175,24,25,26,249,249,249,85,91,96,220,220,manmade
manmade_fan_image_0036.jpg,155,145,143,210,219,236,190,199,218,97,86,86,255,255,manmade
manmade_sachroonerimage_0032.jpg,159,153,148,196,187,181,135,120,104,101,80,61,366,366,manmade
manmade_barrel_image_0023.jpg,191,200,207,121,103,100,67,32,37,148,139,134,591,591,manmade
manmade_motorbikes_image_0606.jpg,50,44,48,253,253,253,162,164,165,117,130,138,278,278,manmade
manmade_watch_image_0193.jpg,132,114,78,188,175,155,228,217,192,25,22,24,270,270,manmade
manmade_headphone_image_0014.jpg,28,29,28,143,143,140,66,68,69,239,239,239,183,183,manmade
manmade_skate_image_0018.jpg,253,253,253,111,111,108,59,59,58,183,183,175,547,547,manmade
manmade_motorbikes_image_0212.jpg,255,255,254,107,108,102,37,39,38,169,172,164,211,211,manmade
manmade_motorbikes_image_0176.jpg,138,127,104,172,183,190,254,254,254,81,79,73,259,259,manmade
manmade_motorbikes_image_0134.jpg,117,109,89,50,45,33,176,174,154,251,250,246,289,289,manmade
manmade_watch_image_0062.jpg,175,181,171,244,248,242,110,113,100,44,44,37,490,490,manmade
manmade_helicopter_image_0054.jpg,129,143,157,36,57,86,163,174,184,90,106,124,123,123,manmade
manmade_airplane_image_0032.jpg,252,251,247,94,91,39,197,185,129,35,27,8,532,532,manmade
manmade_pyramid_image_0048.jpg,200,199,216,91,92,95,165,165,185,139,138,153,229,229,manmade
manmade_minaret_image_0068.jpg,107,96,88,42,82,145,4,4,5,188,161,148,132,132,manmade
manmade_sachroonerimage_0039.jpg,246,253,253,152,210,231,75,129,156,39,88,112,294,294,manmade
manmade_umbrella_image_0065.jpg,242,245,247,217,219,227,179,180,204,100,106,165,196,196,manmade
manmade_soccer_image_0047.jpg,209,197,205,102,125,144,145,145,153,38,31,34,33,33,manmade
manmade_motorbikes_image_0368.jpg,232,233,176,45,50,35,97,121,72,126,147,100,358,358,manmade
manmade_helicopter_image_0062.jpg,213,216,247,11,11,71,73,79,158,145,147,224,288,288,manmade
manmade_airplane_image_0737.jpg,78,91,91,253,254,253,121,123,110,149,154,145,140,140,manmade
manmade_airplane_image_0511.jpg,249,252,252,105,121,117,144,158,153,71,74,62,386,386,manmade
manmade_accordian_image_0027.jpg,73,72,69,250,250,246,11,11,10,193,166,147,512,512,manmade
manmade_grandpiamanmade_image_0044.jpg,254,254,253,58,26,17,95,56,45,142,103,90,251,251,manmade
manmade_accordian_image_0032.jpg,108,109,119,11,11,13,225,226,227,59,58,63,561,561,manmade
manmade_airplane_image_0290.jpg,185,183,170,80,129,171,95,93,79,37,33,23,182,182,manmade
manmade_airplane_image_0050.jpg,244,247,244,50,38,29,128,118,57,158,162,155,357,357,manmade
manmade_accordian_image_0003.jpg,248,237,227,3,1,1,108,56,47,213,164,136,999,999,manmade
manmade_motorbikes_image_0669.jpg,100,98,99,173,171,169,248,247,246,31,30,30,140,140,manmade
manmade_airplane_image_0458.jpg,138,144,164,100,95,92,52,54,50,239,241,245,264,264,manmade
manmade_watch_image_0127.jpg,160,163,145,107,99,80,209,210,196,53,54,44,288,288,manmade
manmade_motorbikes_image_0054.jpg,23,22,22,163,124,103,77,71,67,252,249,244,448,448,manmade
manmade_airplane_image_0063.jpg,103,134,130,251,252,251,54,64,13,163,186,181,390,390,manmade
manmade_motorbikes_image_0775.jpg,112,111,104,53,53,45,161,163,161,254,254,254,221,221,manmade
manmade_stopsign_image_0015.jpg,105,55,64,248,5,51,253,253,253,196,179,181,261,261,manmade
manmade_stopsign_image_0035.jpg,253,253,253,245,5,5,249,213,207,155,33,32,370,370,manmade
manmade_stopsign_image_0062.jpg,153,164,159,147,44,56,224,244,246,62,75,72,237,237,manmade
manmade_motorbikes_image_0273.jpg,251,250,249,52,37,32,198,188,179,126,112,115,339,339,manmade
manmade_motorbikes_image_0638.jpg,51,41,24,131,118,97,198,185,170,252,252,252,380,380,manmade
manmade_motorbikes_image_0078.jpg,221,186,107,125,111,91,45,38,42,229,228,203,456,456,manmade
manmade_motorbikes_image_0106.jpg,15,25,18,165,177,137,250,252,250,79,97,85,386,386,manmade
manmade_revolver_image_0015.jpg,59,51,31,110,99,78,252,250,246,158,146,127,146,146,manmade
manmade_watch_image_0010.jpg,245,237,226,215,198,172,93,77,67,176,158,130,273,273,manmade
manmade_watch_image_0171.jpg,167,173,167,220,225,212,114,116,101,43,43,32,395,395,manmade
manmade_anchor_image_0008.jpg,253,253,253,193,84,100,97,11,17,160,28,51,86,86,manmade
manmade_motorbikes_image_0235.jpg,40,36,36,187,171,157,84,75,66,137,118,106,402,402,manmade
manmade_airplane_image_0184.jpg,244,245,247,167,156,143,42,46,24,122,95,69,348,348,manmade
manmade_chandelier_image_0058.jpg,208,163,85,4,2,2,246,220,160,127,90,39,419,419,manmade
manmade_watch_image_0103.jpg,56,16,14,157,14,29,173,128,93,226,215,198,524,524,manmade
manmade_camera_image_0043.jpg,60,63,64,219,210,204,253,251,250,164,155,147,199,199,manmade
manmade_memanmaderah_image_0071.jpg,31,25,29,194,169,149,231,215,196,107,96,100,603,603,manmade
manmade_umbrella_image_0067.jpg,76,66,43,204,227,246,142,134,118,115,155,211,160,160,manmade
manmade_dollar_image_0032.jpg,203,181,143,175,153,122,134,106,85,153,132,105,202,202,manmade
manmade_carside_image_0105.jpg,228,228,228,68,68,68,140,140,140,29,29,29,479,479,manmade
manmade_motorbikes_image_0569.jpg,103,105,100,254,254,254,46,58,46,149,149,146,330,330,manmade
manmade_motorbikes_image_0390.jpg,68,65,67,133,124,123,42,36,39,255,255,255,170,170,manmade
manmade_motorbikes_image_0660.jpg,253,253,253,63,51,48,134,124,116,194,195,189,202,202,manmade
manmade_motorbikes_image_0706.jpg,29,27,28,213,184,170,104,98,102,254,254,254,299,299,manmade
manmade_scissors_image_0024.jpg,68,69,66,255,255,254,145,146,142,201,202,198,112,112,manmade
manmade_helicopter_image_0088.jpg,104,104,104,200,200,200,59,59,59,169,169,169,503,503,manmade
manmade_airplane_image_0741.jpg,123,121,106,85,83,70,255,255,254,196,194,191,226,226,manmade
manmade_motorbikes_image_0625.jpg,50,26,15,129,115,81,255,255,254,194,201,146,202,202,manmade
manmade_cellphone_image_0025.jpg,58,48,46,5,5,6,105,103,120,166,156,168,134,134,manmade
manmade_motorbikes_image_0740.jpg,250,249,252,196,189,195,73,64,49,225,173,32,214,214,manmade
manmade_pyramid_image_0035.jpg,24,12,5,219,106,14,54,22,5,164,69,14,220,220,manmade
manmade_electricguitar_image_0042.jpg,70,68,58,12,13,13,240,242,230,149,141,118,698,698,manmade
manmade_helicopter_image_0014.jpg,202,207,230,82,105,66,142,150,152,41,52,59,309,309,manmade
manmade_accordian_image_0022.jpg,72,78,78,133,138,137,11,15,14,232,234,236,1076,1076,manmade
manmade_airplane_image_0577.jpg,95,138,177,249,252,253,57,63,62,183,194,194,103,103,manmade
manmade_airplane_image_0532.jpg,108,107,90,146,164,188,47,46,48,248,250,252,274,274,manmade
manmade_motorbikes_image_0196.jpg,222,216,215,61,43,36,174,149,128,115,100,95,372,372,manmade
manmade_ferry_image_0067.jpg,130,153,189,88,113,142,232,235,234,21,24,28,463,463,manmade
manmade_motorbikes_image_0654.jpg,185,48,42,252,251,250,64,54,41,167,147,132,273,273,manmade
manmade_metromanmademe_image_0009.jpg,166,84,96,153,21,64,235,169,183,75,44,51,291,291,manmade
manmade_mandolin_image_0022.jpg,143,143,143,205,205,205,74,74,74,254,254,254,294,294,manmade
manmade_wheelchair_image_0013.jpg,127,131,126,31,41,62,79,84,82,236,238,231,376,376,manmade
manmade_camera_image_0023.jpg,60,59,58,204,204,203,153,153,152,253,253,252,181,181,manmade
manmade_gramaphone_image_0049.jpg,205,209,216,67,71,80,128,133,143,16,20,23,400,400,manmade
manmade_watch_image_0234.jpg,119,123,135,239,240,239,180,182,184,55,58,67,238,238,manmade
manmade_ketch_image_0023.jpg,65,52,69,129,107,132,243,231,247,189,162,186,357,357,manmade
manmade_airplane_image_0114.jpg,245,240,239,51,33,12,127,113,97,93,99,19,484,484,manmade
manmade_wrench_image_0034.jpg,55,50,41,226,182,56,141,109,42,237,207,106,77,77,manmade
manmade_soccer_image_0028.jpg,58,59,50,14,16,13,112,108,120,230,219,218,320,320,manmade
manmade_ferry_image_0016.jpg,22,24,17,227,227,223,140,175,184,100,108,108,274,274,manmade
manmade_ketch_image_0057.jpg,39,37,37,130,143,128,179,187,174,239,239,238,387,387,manmade
manmade_airplane_image_0498.jpg,56,67,52,229,232,238,87,96,93,144,146,150,246,246,manmade
manmade_motorbikes_image_0372.jpg,70,53,58,116,94,100,255,254,254,189,181,201,214,214,manmade
manmade_soccer_image_0034.jpg,177,200,199,79,110,111,4,6,7,249,251,251,175,175,manmade
manmade_wrench_image_0020.jpg,255,255,255,54,54,54,177,177,177,127,127,127,73,73,manmade
manmade_gramaphone_image_0009.jpg,214,172,111,69,67,70,206,213,220,122,137,153,372,372,manmade
manmade_camera_image_0031.jpg,169,120,76,244,241,235,39,38,21,84,145,184,270,270,manmade
manmade_ketch_image_0067.jpg,23,91,225,204,231,245,91,170,243,43,40,82,381,381,manmade
manmade_camera_image_0016.jpg,78,78,79,253,253,253,23,24,24,136,137,138,346,346,manmade
manmade_sachroonerimage_0047.jpg,196,195,199,88,94,100,23,23,24,142,142,144,378,378,manmade
manmade_motorbikes_image_0761.jpg,254,254,254,198,215,220,99,117,124,39,49,35,269,269,manmade
manmade_chair_image_0017.jpg,214,187,165,122,169,193,119,97,80,46,34,25,1215,1215,manmade
manmade_helicopter_image_0067.jpg,91,92,79,195,194,190,30,33,27,132,132,116,691,691,manmade
manmade_ketch_image_0050.jpg,92,149,204,12,57,99,40,120,184,170,189,217,182,182,manmade
manmade_airplane_image_0217.jpg,153,140,120,254,254,253,104,99,81,52,54,29,270,270,manmade
manmade_fan_image_0040.jpg,234,218,184,107,69,49,171,124,87,209,179,136,242,242,manmade
manmade_ketch_image_0031.jpg,238,232,241,146,123,92,175,189,228,73,53,38,641,641,manmade
manmade_laptop_image_0002.jpg,89,85,83,234,233,231,35,35,33,212,208,204,142,142,manmade
manmade_laptop_image_0018.jpg,180,225,222,47,55,52,141,162,160,98,110,107,200,200,manmade
manmade_electricguitar_image_0016.jpg,95,91,92,185,177,171,37,36,41,247,244,242,98,98,manmade
manmade_lamp_image_0016.jpg,241,191,152,151,103,79,66,35,24,254,253,252,332,332,manmade
manmade_grandpiamanmade_image_0049.jpg,42,14,10,227,123,42,102,70,41,178,146,119,145,145,manmade
manmade_airplane_image_0570.jpg,53,50,36,75,124,159,139,113,72,218,186,135,224,224,manmade
manmade_helicopter_image_0073.jpg,87,82,78,37,34,34,220,236,242,153,139,114,398,398,manmade
manmade_wheelchair_image_0017.jpg,193,180,181,65,65,64,141,118,118,92,85,86,460,460,manmade
manmade_electricguitar_image_0060.jpg,132,52,53,23,15,15,195,117,68,253,252,252,158,158,manmade
manmade_ferry_image_0056.jpg,30,39,35,141,158,180,70,85,88,205,210,214,563,563,manmade
manmade_airplane_image_0155.jpg,247,244,241,173,161,150,126,121,113,67,65,45,446,446,manmade
manmade_airplane_image_0085.jpg,200,174,67,165,155,138,238,236,231,61,38,17,393,393,manmade
manmade_euphonium_image_0027.jpg,136,122,102,47,43,35,80,79,65,213,207,189,810,810,manmade
manmade_yinyang_image_0026.jpg,101,65,64,243,200,164,18,17,17,200,137,122,140,140,manmade
manmade_motorbikes_image_0358.jpg,158,169,138,62,65,63,254,254,253,114,120,106,299,299,manmade
manmade_airplane_image_0132.jpg,254,254,254,208,200,196,83,58,57,142,114,104,434,434,manmade
manmade_motorbikes_image_0711.jpg,70,87,109,252,254,254,136,155,171,34,45,61,264,264,manmade
manmade_mandolin_image_0017.jpg,134,144,118,225,222,211,21,47,28,60,91,61,711,711,manmade
manmade_yinyang_image_0049.jpg,181,182,181,2,2,3,78,79,79,253,253,252,230,230,manmade
manmade_airplane_image_0635.jpg,244,248,251,125,143,154,57,61,55,63,146,217,130,130,manmade
manmade_motorbikes_image_0506.jpg,243,232,237,161,156,176,87,81,92,22,23,25,426,426,manmade
manmade_stopsign_image_0039.jpg,74,36,10,172,121,72,230,191,163,212,8,10,1349,1349,manmade
manmade_grandpiamanmade_image_0013.jpg,9,6,5,159,116,93,253,253,252,54,44,39,241,241,manmade
manmade_watch_image_0145.jpg,43,35,21,195,171,137,118,99,72,240,229,213,431,431,manmade
manmade_cellphone_image_0045.jpg,147,67,71,11,3,4,221,207,200,212,99,95,410,410,manmade
manmade_motorbikes_image_0375.jpg,219,213,203,92,64,40,187,109,54,32,23,14,214,214,manmade
manmade_wrench_image_0012.jpg,156,179,208,119,125,128,216,207,203,66,55,55,478,478,manmade
manmade_pyramid_image_0017.jpg,72,40,37,240,152,8,212,109,10,171,73,9,97,97,manmade
manmade_motorbikes_image_0077.jpg,31,30,25,98,69,81,194,149,145,235,218,209,415,415,manmade
manmade_grandpiamanmade_image_0073.jpg,82,69,63,254,254,253,19,20,19,176,153,123,231,231,manmade
manmade_airplane_image_0075.jpg,153,133,116,84,57,51,187,207,199,48,13,10,120,120,manmade
manmade_grandpiamanmade_image_0025.jpg,151,165,169,86,94,98,238,243,241,194,205,206,102,102,manmade
manmade_cup_image_0041.jpg,158,5,6,225,221,188,200,181,122,25,21,136,395,395,manmade
manmade_memanmaderah_image_0024.jpg,222,210,202,180,124,99,113,77,63,39,32,27,413,413,manmade
manmade_headphone_image_0031.jpg,157,136,112,207,196,194,181,166,154,67,54,57,146,146,manmade
manmade_helicopter_image_0022.jpg,154,160,87,68,69,37,118,121,58,189,194,146,510,510,manmade
manmade_airplane_image_0091.jpg,54,35,21,250,249,246,183,211,217,161,124,63,470,470,manmade
manmade_cellphone_image_0027.jpg,206,210,201,52,70,73,101,119,120,7,8,7,477,477,manmade
manmade_motorbikes_image_0315.jpg,175,174,108,252,251,247,38,47,21,125,114,60,460,460,manmade
manmade_motorbikes_image_0637.jpg,252,250,251,163,128,144,41,25,33,199,14,48,472,472,manmade
manmade_yinyang_image_0055.jpg,254,254,254,1,1,1,223,223,223,35,35,35,92,92,manmade
manmade_watch_image_0203.jpg,51,26,33,245,60,94,125,87,89,228,217,221,397,397,manmade
manmade_motorbikes_image_0300.jpg,93,105,117,39,53,62,165,171,178,219,224,228,376,376,manmade
manmade_revolver_image_0060.jpg,127,127,127,74,74,74,235,235,235,192,192,192,242,242,manmade
manmade_airplane_image_0412.jpg,108,115,97,143,149,129,69,78,66,241,247,248,492,492,manmade
manmade_wheelchair_image_0020.jpg,199,173,173,113,112,125,50,52,56,244,245,246,797,797,manmade
manmade_memanmaderah_image_0056.jpg,83,83,83,16,16,16,173,173,173,252,252,252,865,865,manmade
manmade_motorbikes_image_0684.jpg,39,34,20,171,161,159,109,98,75,238,239,242,524,524,manmade
manmade_sachroonerimage_0038.jpg,253,253,250,69,76,32,236,225,183,178,147,103,599,599,manmade
manmade_carside_image_0022.jpg,103,103,103,67,67,67,225,225,225,162,162,162,452,452,manmade
manmade_headphone_image_0028.jpg,110,108,110,254,254,254,77,76,79,181,180,181,377,377,manmade
manmade_grandpiamanmade_image_0095.jpg,167,162,167,87,78,73,203,198,210,35,28,30,221,221,manmade
manmade_pagoda_image_0003.jpg,15,17,15,130,149,176,70,77,58,212,207,216,323,323,manmade
manmade_airplane_image_0151.jpg,39,22,14,91,66,47,254,254,252,180,167,153,396,396,manmade
manmade_accordian_image_0046.jpg,1,1,1,227,227,227,178,178,178,120,120,120,575,575,manmade
manmade_helicopter_image_0048.jpg,51,73,67,193,218,250,98,109,106,129,137,131,697,697,manmade
manmade_watch_image_0073.jpg,186,154,107,45,27,12,114,86,51,226,217,212,303,303,manmade
manmade_barrel_image_0039.jpg,132,122,8,213,211,204,109,87,65,174,144,116,632,632,manmade
manmade_airplane_image_0148.jpg,236,232,228,123,104,89,23,19,20,63,52,43,345,345,manmade
manmade_airplane_image_0156.jpg,184,171,161,128,122,110,70,67,47,255,254,254,395,395,manmade
manmade_pagoda_image_0005.jpg,79,72,70,1,1,1,157,152,151,211,222,240,248,248,manmade
manmade_airplane_image_0342.jpg,106,94,68,62,56,34,172,155,118,245,236,217,411,411,manmade
manmade_headphone_image_0020.jpg,69,63,62,143,138,130,29,21,25,210,207,202,301,301,manmade
manmade_pyramid_image_0029.jpg,84,47,28,152,105,76,141,175,242,70,81,195,327,327,manmade
manmade_minaret_image_0039.jpg,46,37,27,1,1,1,80,79,118,124,91,66,101,101,manmade
manmade_pyramid_image_0019.jpg,121,83,51,175,148,101,16,10,9,122,160,203,633,633,manmade
manmade_saxophone_image_0036.jpg,208,192,156,64,59,44,16,14,13,125,123,100,670,670,manmade
manmade_fan_image_0013.jpg,134,138,141,113,103,90,56,57,41,169,177,185,169,169,manmade
manmade_pizza_image_0045.jpg,108,81,51,168,155,115,53,33,19,218,223,219,1204,1204,manmade
manmade_motorbikes_image_0584.jpg,172,145,143,253,252,252,127,76,81,47,41,45,165,165,manmade
manmade_bimanmadecular_image_0005.jpg,136,142,154,251,252,252,57,59,73,3,3,4,140,140,manmade
manmade_chair_image_0010.jpg,180,152,156,91,64,67,247,217,234,214,181,194,186,186,manmade
manmade_motorbikes_image_0056.jpg,22,24,27,40,57,68,116,135,154,245,248,250,202,202,manmade
manmade_motorbikes_image_0752.jpg,54,43,41,184,171,157,253,253,252,140,125,115,235,235,manmade
manmade_motorbikes_image_0031.jpg,75,71,91,252,252,252,26,22,27,166,162,169,253,253,manmade
manmade_watch_image_0020.jpg,210,191,163,51,38,29,177,153,125,137,114,88,609,609,manmade
manmade_wheelchair_image_0022.jpg,41,28,23,101,102,85,159,165,150,218,225,219,701,701,manmade
manmade_motorbikes_image_0406.jpg,104,112,97,253,253,253,179,185,175,34,46,24,237,237,manmade
manmade_airplane_image_0627.jpg,183,213,251,250,252,253,88,84,77,156,155,158,110,110,manmade
manmade_pyramid_image_0053.jpg,82,87,60,196,213,199,126,149,146,16,18,21,420,420,manmade
manmade_gramaphone_image_0026.jpg,187,185,181,231,231,229,101,74,40,161,138,103,136,136,manmade
manmade_motorbikes_image_0217.jpg,103,103,90,255,255,254,41,40,33,158,160,146,296,296,manmade
manmade_soccer_image_0061.jpg,215,215,215,132,134,135,183,184,183,23,27,31,749,749,manmade
manmade_stopsign_image_0007.jpg,148,191,233,92,16,11,114,109,97,74,142,210,232,232,manmade
manmade_airplane_image_0593.jpg,77,75,71,247,249,252,185,184,196,82,119,157,106,106,manmade
manmade_airplane_image_0583.jpg,61,62,58,109,140,179,245,246,248,135,153,181,157,157,manmade
manmade_motorbikes_image_0498.jpg,189,185,180,119,113,102,41,40,25,253,253,253,174,174,manmade
manmade_helicopter_image_0085.jpg,82,94,107,140,165,198,194,220,245,232,245,253,133,133,manmade
manmade_lamp_image_0034.jpg,95,84,62,233,224,205,176,170,148,37,36,24,612,612,manmade
manmade_ferry_image_0035.jpg,139,128,123,18,19,18,216,213,209,56,51,50,313,313,manmade
manmade_motorbikes_image_0502.jpg,254,254,252,129,106,58,163,154,113,93,51,27,501,501,manmade
manmade_stopsign_image_0005.jpg,251,251,250,180,30,31,249,3,3,250,212,207,122,122,manmade
manmade_revolver_image_0076.jpg,144,131,163,73,46,68,218,114,76,251,220,138,203,203,manmade
manmade_skate_image_0008.jpg,184,185,189,56,60,72,112,115,124,250,250,250,275,275,manmade
manmade_wrench_image_0032.jpg,185,191,202,92,99,114,253,253,254,129,136,150,101,101,manmade
manmade_chair_image_0044.jpg,180,172,161,124,126,141,103,97,104,234,224,199,486,486,manmade
manmade_motorbikes_image_0424.jpg,198,184,173,35,31,33,123,114,111,254,254,253,230,230,manmade
manmade_airplane_image_0326.jpg,116,143,157,234,241,243,43,55,41,69,80,55,328,328,manmade
manmade_stapler_image_0003.jpg,170,160,160,81,76,84,196,92,51,254,254,254,109,109,manmade
manmade_stapler_image_0024.jpg,188,190,245,174,122,139,111,90,106,149,164,197,130,130,manmade
manmade_airplane_image_0450.jpg,114,128,114,185,218,241,63,79,59,149,177,197,208,208,manmade
manmade_chair_image_0060.jpg,226,202,193,169,139,128,46,26,24,121,79,68,620,620,manmade
manmade_laptop_image_0078.jpg,99,91,85,253,253,230,26,26,24,187,178,143,332,332,manmade
manmade_airplane_image_0070.jpg,112,99,64,221,241,246,38,19,15,197,166,90,364,364,manmade
manmade_watch_image_0167.jpg,243,238,221,123,108,87,33,17,12,77,35,33,199,199,manmade
manmade_dollar_image_0052.jpg,107,103,86,177,171,145,46,42,29,233,224,187,485,485,manmade
manmade_motorbikes_image_0194.jpg,40,40,41,175,171,169,249,246,240,95,97,102,233,233,manmade
manmade_airplane_image_0367.jpg,245,246,247,156,156,149,66,72,56,96,103,97,274,274,manmade
manmade_revolver_image_0077.jpg,222,201,212,140,124,142,168,151,173,69,53,70,155,155,manmade
manmade_yinyang_image_0010.jpg,208,210,208,246,247,247,38,39,40,125,174,168,151,151,manmade
manmade_carside_image_0090.jpg,201,201,201,94,94,94,136,136,136,62,62,62,409,409,manmade
manmade_helicopter_image_0058.jpg,235,237,235,73,81,78,162,173,209,28,35,24,295,295,manmade
manmade_ketch_image_0066.jpg,81,105,133,137,168,203,20,46,72,193,209,225,389,389,manmade
manmade_chair_image_0056.jpg,1,1,1,218,205,194,124,112,94,183,169,148,264,264,manmade
manmade_airplane_image_0424.jpg,126,132,137,247,247,249,184,171,153,83,78,65,414,414,manmade
manmade_laptop_image_0069.jpg,253,252,251,161,126,131,208,39,34,113,82,91,544,544,manmade
manmade_soccer_image_0021.jpg,1,63,1,205,205,190,142,142,167,19,20,19,115,115,manmade
manmade_laptop_image_0001.jpg,74,85,102,254,254,254,14,20,24,177,182,192,200,200,manmade
manmade_soccer_image_0008.jpg,217,205,202,144,143,167,19,28,24,86,94,131,73,73,manmade
manmade_windsorchair_image_0005.jpg,187,171,134,121,63,22,231,210,168,131,122,95,430,430,manmade
manmade_watch_image_0140.jpg,3,4,4,141,145,144,219,223,222,61,66,67,724,724,manmade
manmade_canmanmaden_image_0014.jpg,115,100,79,57,44,31,174,170,147,239,239,225,777,777,manmade
manmade_gramaphone_image_0003.jpg,252,252,252,61,62,59,126,127,123,189,190,186,359,359,manmade
manmade_motorbikes_image_0451.jpg,96,93,108,253,253,253,183,180,187,30,28,40,209,209,manmade
manmade_carside_image_0112.jpg,50,50,50,154,154,154,223,223,223,107,107,107,353,353,manmade
manmade_minaret_image_0038.jpg,1,1,1,190,184,176,113,157,204,91,81,73,106,106,manmade
manmade_chair_image_0041.jpg,36,31,31,88,52,60,81,84,101,118,121,116,201,201,manmade
manmade_watch_image_0098.jpg,126,117,106,197,189,176,56,50,42,253,254,253,319,319,manmade
manmade_motorbikes_image_0138.jpg,232,234,238,130,154,166,88,98,65,27,29,25,309,309,manmade
manmade_memanmaderah_image_0060.jpg,63,41,14,129,104,61,192,172,130,244,238,216,327,327,manmade
manmade_euphonium_image_0055.jpg,153,92,103,77,46,51,253,252,252,185,158,154,298,298,manmade
manmade_motorbikes_image_0790.jpg,99,96,101,248,247,249,28,26,32,172,169,176,178,178,manmade
manmade_cup_image_0051.jpg,215,221,217,70,79,82,175,184,187,134,143,146,283,283,manmade
manmade_carside_image_0031.jpg,180,180,180,113,113,113,51,51,51,250,250,250,301,301,manmade
manmade_grandpiamanmade_image_0031.jpg,125,108,64,76,48,34,16,13,7,210,183,165,222,222,manmade
manmade_watch_image_0181.jpg,155,155,150,251,251,250,78,75,55,200,200,198,366,366,manmade
manmade_helicopter_image_0046.jpg,170,179,176,110,99,86,221,229,227,26,26,18,389,389,manmade
manmade_soccer_image_0010.jpg,197,195,187,247,247,243,125,122,122,45,43,55,469,469,manmade
manmade_ketch_image_0090.jpg,198,99,101,210,220,245,59,57,77,99,115,199,244,244,manmade
manmade_ferry_image_0022.jpg,116,126,144,149,161,181,34,34,37,74,76,80,418,418,manmade
manmade_motorbikes_image_0409.jpg,114,122,92,253,254,253,35,44,23,185,190,161,211,211,manmade
manmade_camera_image_0009.jpg,96,89,82,162,159,156,252,252,252,50,50,43,198,198,manmade
manmade_camera_image_0004.jpg,45,44,47,134,139,144,246,246,248,191,192,197,363,363,manmade
manmade_headphone_image_0007.jpg,91,91,91,176,176,176,28,28,28,254,254,254,97,97,manmade
manmade_motorbikes_image_0199.jpg,59,54,57,146,112,112,247,248,248,185,184,182,281,281,manmade
manmade_ferry_image_0027.jpg,129,155,191,78,54,56,111,116,124,188,198,206,521,521,manmade
manmade_watch_image_0032.jpg,74,90,107,164,152,142,118,124,133,197,201,216,181,181,manmade
manmade_watch_image_0160.jpg,252,250,247,162,116,107,202,195,184,50,56,68,592,592,manmade
manmade_umbrella_image_0040.jpg,43,59,44,189,212,196,134,177,98,79,107,163,311,311,manmade
manmade_motorbikes_image_0720.jpg,11,12,9,78,77,79,150,150,152,255,255,254,174,174,manmade
manmade_motorbikes_image_0561.jpg,38,38,38,169,169,169,95,95,95,253,253,253,315,315,manmade
manmade_cup_image_0003.jpg,106,8,17,87,83,83,147,146,146,15,8,9,268,268,manmade
manmade_wheelchair_image_0046.jpg,141,142,138,23,24,25,84,84,81,220,222,219,919,919,manmade
manmade_euphonium_image_0029.jpg,106,92,86,18,8,8,129,3,11,182,175,167,323,323,manmade
manmade_lamp_image_0048.jpg,35,50,119,204,75,143,130,185,87,199,200,247,61,61,manmade
manmade_grandpiamanmade_image_0050.jpg,254,254,251,27,25,20,214,211,192,148,143,126,128,128,manmade
manmade_chandelier_image_0050.jpg,197,180,147,82,42,61,156,131,78,64,19,28,512,512,manmade
manmade_sachroonerimage_0002.jpg,158,158,158,47,47,47,123,123,123,81,81,81,146,146,manmade
manmade_revolver_image_0002.jpg,56,51,63,221,164,135,252,211,173,142,109,112,150,150,manmade
manmade_stopsign_image_0016.jpg,249,3,3,168,28,28,251,251,250,249,215,210,140,140,manmade
manmade_cellphone_image_0006.jpg,217,22,30,100,22,39,6,2,3,138,97,108,275,275,manmade
manmade_watch_image_0109.jpg,158,144,130,91,46,40,226,228,204,63,138,182,443,443,manmade
manmade_motorbikes_image_0154.jpg,250,250,250,36,36,40,109,109,113,186,185,188,155,155,manmade
manmade_camera_image_0006.jpg,63,58,56,17,13,15,145,142,142,243,243,246,450,450,manmade
manmade_stopsign_image_0051.jpg,243,230,221,103,61,62,31,13,15,241,78,81,256,256,manmade
manmade_camera_image_0022.jpg,179,175,177,251,251,248,94,80,72,235,148,18,380,380,manmade
manmade_minaret_image_0014.jpg,65,65,65,253,253,235,135,135,132,2,2,2,402,402,manmade
manmade_motorbikes_image_0613.jpg,17,20,24,56,62,68,142,155,149,253,253,253,291,291,manmade
manmade_skate_image_0025.jpg,114,114,130,44,38,56,230,222,221,161,156,163,294,294,manmade
manmade_motorbikes_image_0587.jpg,29,27,27,253,253,253,96,89,88,183,180,179,214,214,manmade
manmade_saxophone_image_0034.jpg,96,62,56,242,236,230,23,10,8,200,150,117,378,378,manmade
manmade_motorbikes_image_0101.jpg,180,135,96,55,24,28,250,243,243,106,62,71,390,390,manmade
manmade_lamp_image_0037.jpg,159,124,92,36,13,8,108,49,21,218,188,150,347,347,manmade
manmade_euphonium_image_0012.jpg,183,150,82,253,253,249,121,93,35,241,221,153,329,329,manmade
manmade_grandpiamanmade_image_0062.jpg,88,82,104,50,17,31,145,156,176,214,233,249,310,310,manmade
manmade_anchor_image_0017.jpg,123,82,68,137,122,126,68,56,61,106,171,231,177,177,manmade
manmade_pizza_image_0029.jpg,219,134,90,150,135,117,157,60,33,239,237,233,498,498,manmade
manmade_camera_image_0005.jpg,52,45,62,196,193,199,251,251,251,119,112,130,232,232,manmade
manmade_chandelier_image_0100.jpg,218,214,197,92,87,79,64,59,55,159,154,136,333,333,manmade
manmade_euphonium_image_0040.jpg,124,125,127,233,234,232,70,70,74,179,180,181,336,336,manmade
manmade_headphone_image_0022.jpg,253,253,253,155,154,156,49,46,47,91,88,98,227,227,manmade
manmade_airplane_image_0601.jpg,220,232,249,79,89,94,159,184,219,104,159,219,165,165,manmade
manmade_airplane_image_0710.jpg,93,134,153,33,44,34,68,115,131,237,243,241,166,166,manmade
manmade_umbrella_image_0047.jpg,135,86,79,147,214,228,254,254,254,202,175,165,150,150,manmade
manmade_minaret_image_0002.jpg,68,74,117,11,9,11,133,121,111,192,178,165,162,162,manmade
manmade_pyramid_image_0009.jpg,251,243,233,86,122,142,57,34,20,242,155,20,276,276,manmade
manmade_airplane_image_0610.jpg,249,252,253,49,58,58,120,181,244,111,131,145,129,129,manmade
manmade_memanmaderah_image_0025.jpg,167,151,122,210,198,177,118,97,60,57,36,12,502,502,manmade
manmade_minaret_image_0061.jpg,119,100,74,154,177,221,2,2,3,210,236,243,219,219,manmade
manmade_yinyang_image_0060.jpg,220,246,247,253,254,254,50,52,52,8,9,9,70,70,manmade
manmade_helicopter_image_0002.jpg,53,100,202,34,59,141,203,223,244,104,150,235,537,537,manmade
manmade_stapler_image_0001.jpg,32,18,25,248,242,244,209,140,41,97,98,227,442,442,manmade
manmade_motorbikes_image_0363.jpg,249,249,250,86,88,92,133,134,136,35,33,38,387,387,manmade
manmade_motorbikes_image_0579.jpg,178,179,175,254,254,254,88,69,70,141,131,129,235,235,manmade
manmade_carside_image_0122.jpg,160,160,160,93,93,93,36,36,36,128,128,128,209,209,manmade
manmade_airplane_image_0544.jpg,110,138,152,194,202,206,100,92,61,249,252,253,161,161,manmade
manmade_motorbikes_image_0646.jpg,255,255,254,76,79,71,171,157,146,25,29,23,332,332,manmade
manmade_motorbikes_image_0559.jpg,75,75,118,171,155,161,246,246,245,43,20,23,295,295,manmade
manmade_euphonium_image_0004.jpg,158,148,139,62,13,19,228,225,215,95,33,49,359,359,manmade
manmade_watch_image_0048.jpg,249,249,245,115,113,105,185,182,172,13,13,11,477,477,manmade
manmade_motorbikes_image_0049.jpg,84,82,79,167,163,160,252,252,251,22,21,19,166,166,manmade
manmade_cup_image_0031.jpg,160,136,96,89,71,52,195,186,171,44,37,30,308,308,manmade
manmade_barrel_image_0042.jpg,117,104,78,252,251,232,173,156,121,206,192,158,308,308,manmade
manmade_grandpiamanmade_image_0099.jpg,98,70,53,17,16,14,254,254,253,163,146,131,273,273,manmade
manmade_airplane_image_0206.jpg,244,241,241,52,54,25,171,165,159,93,94,55,275,275,manmade
manmade_revolver_image_0055.jpg,143,100,82,107,60,41,46,26,20,208,198,192,241,241,manmade
manmade_mandolin_image_0016.jpg,69,32,22,137,76,29,193,182,170,38,15,9,141,141,manmade
manmade_memanmaderah_image_0067.jpg,121,117,137,23,35,168,210,212,226,48,18,21,434,434,manmade
manmade_airplane_image_0652.jpg,248,252,253,57,61,55,166,197,229,114,123,117,105,105,manmade
manmade_motorbikes_image_0738.jpg,254,254,254,71,72,76,14,13,12,145,145,148,229,229,manmade
manmade_ferry_image_0010.jpg,50,55,78,135,136,158,179,179,199,101,105,127,148,148,manmade
manmade_carside_image_0092.jpg,201,201,201,44,44,44,128,128,128,97,97,97,258,258,manmade
manmade_carside_image_0079.jpg,205,205,205,59,59,59,142,142,142,97,97,97,363,363,manmade
manmade_helicopter_image_0081.jpg,52,100,102,175,237,239,11,44,40,104,200,213,306,306,manmade
manmade_ferry_image_0040.jpg,226,222,218,98,90,93,25,26,31,158,152,148,584,584,manmade
manmade_motorbikes_image_0250.jpg,252,247,246,55,47,47,115,100,98,197,175,164,341,341,manmade
manmade_airplane_image_0400.jpg,90,86,64,146,151,141,62,60,46,238,243,245,221,221,manmade
manmade_stopsign_image_0050.jpg,59,4,3,250,250,249,182,32,34,244,5,6,147,147,manmade
manmade_pagoda_image_0032.jpg,7,8,11,232,238,244,58,64,67,167,162,158,389,389,manmade
manmade_airplane_image_0253.jpg,100,110,136,153,162,183,248,249,250,19,17,23,439,439,manmade
manmade_ketch_image_0019.jpg,123,116,107,79,66,55,235,235,233,167,170,168,345,345,manmade
manmade_dollar_image_0010.jpg,246,246,246,18,18,18,104,104,104,193,193,193,511,511,manmade
manmade_metromanmademe_image_0022.jpg,168,157,154,114,63,66,254,253,253,66,39,43,333,333,manmade
manmade_motorbikes_image_0678.jpg,193,197,196,78,77,57,204,40,17,253,254,253,241,241,manmade
manmade_motorbikes_image_0029.jpg,48,60,95,155,154,167,250,250,251,16,16,26,257,257,manmade
manmade_lamp_image_0011.jpg,59,53,48,228,235,212,196,184,135,124,114,85,376,376,manmade
manmade_motorbikes_image_0373.jpg,104,90,87,61,28,27,254,253,253,152,142,137,331,331,manmade
manmade_stapler_image_0027.jpg,252,253,253,89,125,144,59,72,90,195,195,206,168,168,manmade
manmade_airplane_image_0439.jpg,130,143,154,238,235,234,86,82,60,196,176,151,387,387,manmade
manmade_revolver_image_0031.jpg,48,99,96,253,254,254,114,161,160,29,41,35,189,189,manmade
manmade_cellphone_image_0054.jpg,18,14,14,75,98,114,177,167,143,231,231,229,589,589,manmade
manmade_airplane_image_0017.jpg,132,122,94,71,90,26,30,33,18,232,236,226,461,461,manmade
manmade_carside_image_0044.jpg,202,202,202,49,49,49,103,103,103,140,140,140,512,512,manmade
manmade_minaret_image_0031.jpg,87,64,65,127,161,208,7,3,4,191,164,135,98,98,manmade
manmade_soccer_image_0058.jpg,253,253,253,7,7,7,66,66,66,213,213,213,174,174,manmade
manmade_barrel_image_0004.jpg,193,93,8,236,151,27,29,8,4,132,45,7,344,344,manmade
manmade_pyramid_image_0047.jpg,166,138,107,226,227,226,110,179,236,67,145,210,83,83,manmade
manmade_sachroonerimage_0008.jpg,103,132,174,25,32,50,87,89,102,173,184,198,351,351,manmade
manmade_accordian_image_0004.jpg,200,184,177,150,123,88,87,37,24,10,5,3,593,593,manmade
manmade_airplane_image_0443.jpg,184,161,134,245,236,228,97,91,71,143,159,176,400,400,manmade
manmade_laptop_image_0023.jpg,122,116,112,63,62,61,174,171,156,252,252,252,356,356,manmade
manmade_watch_image_0013.jpg,109,109,107,185,186,183,16,16,16,254,254,253,614,614,manmade
manmade_electricguitar_image_0011.jpg,184,20,19,221,182,112,254,254,254,10,4,4,125,125,manmade
manmade_pagoda_image_0044.jpg,8,6,4,195,167,137,178,207,224,110,96,70,691,691,manmade
manmade_motorbikes_image_0434.jpg,34,32,35,254,253,253,170,166,168,105,102,105,197,197,manmade
manmade_airplane_image_0398.jpg,150,163,151,57,70,65,130,135,102,202,209,202,226,226,manmade
manmade_ferry_image_0017.jpg,33,33,33,238,238,238,105,105,105,156,156,156,264,264,manmade
manmade_airplane_image_0758.jpg,156,162,146,48,54,49,249,248,246,187,208,209,563,563,manmade
manmade_chair_image_0028.jpg,143,143,143,229,229,229,194,194,194,71,71,71,294,294,manmade
manmade_motorbikes_image_0195.jpg,167,165,161,254,254,253,60,57,44,120,105,86,273,273,manmade
manmade_lamp_image_0051.jpg,110,68,76,163,147,162,237,238,243,36,13,32,514,514,manmade
manmade_motorbikes_image_0076.jpg,199,188,166,85,68,44,140,118,83,31,23,15,636,636,manmade
manmade_euphonium_image_0031.jpg,61,123,175,54,52,58,246,235,181,201,169,111,756,756,manmade
manmade_motorbikes_image_0709.jpg,187,200,209,18,24,29,252,253,253,87,110,123,259,259,manmade
manmade_airplane_image_0222.jpg,59,64,48,153,139,123,124,109,76,200,186,170,432,432,manmade
manmade_stopsign_image_0031.jpg,242,242,241,233,9,12,252,2,250,85,37,44,128,128,manmade
manmade_airplane_image_0508.jpg,64,74,47,170,178,170,123,126,113,243,247,247,204,204,manmade
manmade_pizza_image_0043.jpg,219,195,164,176,117,86,250,249,244,62,50,42,843,843,manmade
manmade_airplane_image_0617.jpg,184,150,99,117,92,57,135,128,121,244,236,231,473,473,manmade
manmade_chandelier_image_0102.jpg,234,211,159,189,153,99,124,85,59,27,15,18,393,393,manmade
manmade_airplane_image_0211.jpg,109,96,63,159,158,154,55,50,15,184,172,161,204,204,manmade
manmade_stopsign_image_0040.jpg,184,30,31,253,253,253,251,217,209,252,1,2,97,97,manmade
manmade_motorbikes_image_0594.jpg,253,253,253,169,157,158,112,62,75,40,28,30,189,189,manmade
manmade_chair_image_0050.jpg,39,36,33,163,143,120,110,91,72,242,236,218,464,464,manmade
manmade_grandpiamanmade_image_0020.jpg,31,30,31,149,145,146,84,83,89,253,253,253,243,243,manmade
manmade_airplane_image_0600.jpg,174,193,224,141,164,198,56,57,52,213,225,244,102,102,manmade
manmade_scissors_image_0003.jpg,135,135,135,50,50,50,201,201,201,250,250,250,113,113,manmade
manmade_motorbikes_image_0129.jpg,108,124,142,40,54,75,165,185,202,254,254,254,218,218,manmade
manmade_motorbikes_image_0538.jpg,104,99,107,220,220,209,41,37,42,254,253,253,139,139,manmade
manmade_motorbikes_image_0092.jpg,155,151,144,27,25,24,254,254,253,85,82,76,202,202,manmade
manmade_airplane_image_0213.jpg,42,45,28,254,254,254,160,156,147,94,90,69,651,651,manmade
manmade_camera_image_0047.jpg,27,23,23,236,241,240,116,120,125,178,191,195,344,344,manmade
manmade_watch_image_0031.jpg,49,38,114,195,195,197,136,129,116,247,248,249,350,350,manmade
manmade_yinyang_image_0024.jpg,155,166,144,187,196,175,240,241,239,12,13,12,161,161,manmade
manmade_minaret_image_0032.jpg,6,8,7,105,120,99,194,220,226,119,172,208,166,166,manmade
manmade_pyramid_image_0031.jpg,243,143,63,251,251,251,13,4,123,236,6,9,187,187,manmade
manmade_pyramid_image_0050.jpg,233,234,239,22,19,119,8,8,19,253,253,253,782,782,manmade
manmade_watch_image_0129.jpg,118,117,105,62,65,50,230,229,226,156,159,152,254,254,manmade
manmade_cup_image_0001.jpg,194,191,185,118,115,109,253,252,251,238,234,226,116,116,manmade
manmade_fan_image_0016.jpg,250,248,235,146,127,108,199,167,132,124,104,86,43,43,manmade
manmade_airplane_image_0014.jpg,221,209,182,68,35,21,251,241,220,185,174,148,186,186,manmade
manmade_skate_image_0013.jpg,251,251,251,70,70,70,151,151,151,20,20,20,471,471,manmade
manmade_memanmaderah_image_0066.jpg,6,3,2,239,217,183,91,71,33,173,148,102,794,794,manmade
manmade_airplane_image_0501.jpg,176,59,46,240,239,240,115,124,128,76,86,86,255,255,manmade
manmade_umbrella_image_0030.jpg,117,46,116,217,93,194,49,103,23,2,1,1,261,261,manmade
manmade_cellphone_image_0023.jpg,85,94,111,48,53,65,169,171,181,2,2,2,445,445,manmade
manmade_motorbikes_image_0175.jpg,245,240,238,40,34,30,125,109,99,191,169,153,497,497,manmade
manmade_saxophone_image_0033.jpg,192,165,100,252,251,251,117,86,52,230,209,161,706,706,manmade
manmade_motorbikes_image_0001.jpg,86,90,97,253,253,253,175,176,177,19,20,22,211,211,manmade
manmade_airplane_image_0362.jpg,147,141,122,57,67,37,67,92,95,215,227,226,180,180,manmade
manmade_anchor_image_0028.jpg,183,186,226,233,239,248,52,51,43,124,126,101,538,538,manmade
manmade_gramaphone_image_0021.jpg,104,104,104,30,30,30,224,224,224,190,190,190,373,373,manmade
manmade_scissors_image_0026.jpg,253,253,246,121,116,117,62,52,52,184,182,182,138,138,manmade
manmade_laptop_image_0067.jpg,182,183,182,33,41,38,118,109,107,249,249,249,455,455,manmade
manmade_windsorchair_image_0028.jpg,215,183,152,174,115,62,253,253,251,101,63,37,239,239,manmade
manmade_pyramid_image_0025.jpg,67,145,210,226,227,226,111,179,236,172,145,112,82,82,manmade
manmade_airplane_image_0205.jpg,154,137,121,255,254,254,71,71,45,186,183,182,373,373,manmade
manmade_airplane_image_0637.jpg,65,64,65,246,249,251,176,189,194,59,133,176,119,119,manmade
manmade_ferry_image_0033.jpg,228,226,235,139,150,169,67,105,137,34,84,116,391,391,manmade
manmade_minaret_image_0033.jpg,150,139,108,75,78,65,185,202,186,1,1,1,151,151,manmade
manmade_stopsign_image_0009.jpg,227,147,145,236,229,227,199,81,83,66,61,54,385,385,manmade
manmade_helicopter_image_0042.jpg,64,130,183,189,193,223,78,142,194,16,46,75,109,109,manmade
manmade_bimanmadecular_image_0033.jpg,253,252,252,38,33,32,138,127,130,67,62,62,439,439,manmade
manmade_sachroonerimage_0035.jpg,114,146,168,170,187,199,58,76,97,217,224,224,137,137,manmade
manmade_wrench_image_0036.jpg,113,97,80,165,155,138,221,214,204,46,35,31,215,215,manmade
manmade_sachroonerimage_0053.jpg,248,243,249,71,70,104,158,164,223,94,113,191,371,371,manmade
manmade_stapler_image_0021.jpg,227,234,228,118,123,120,38,48,55,174,182,184,309,309,manmade
manmade_minaret_image_0055.jpg,104,90,35,160,155,110,5,4,1,153,203,215,90,90,manmade
manmade_airplane_image_0585.jpg,106,142,184,167,175,195,67,67,61,247,249,251,146,146,manmade
manmade_motorbikes_image_0277.jpg,112,109,98,233,237,226,184,162,135,34,40,36,358,358,manmade
manmade_memanmaderah_image_0034.jpg,32,21,20,166,160,146,115,102,87,224,225,218,638,638,manmade
manmade_ketch_image_0010.jpg,133,90,47,98,45,13,161,150,140,190,192,193,183,183,manmade
manmade_cup_image_0045.jpg,84,61,55,148,140,135,117,108,104,197,194,196,302,302,manmade
manmade_airplane_image_0348.jpg,224,233,239,134,155,174,27,29,22,83,88,81,265,265,manmade
manmade_canmanmaden_image_0026.jpg,51,47,36,64,140,204,115,91,74,187,182,166,434,434,manmade
manmade_grandpiamanmade_image_0018.jpg,234,188,108,174,70,43,100,37,28,4,2,2,369,369,manmade
manmade_carside_image_0063.jpg,56,56,56,143,143,143,96,96,96,206,206,206,437,437,manmade
manmade_motorbikes_image_0623.jpg,103,62,61,34,18,17,164,132,131,252,250,250,337,337,manmade
manmade_yinyang_image_0046.jpg,164,15,16,217,202,200,41,23,37,2,2,2,239,239,manmade
manmade_anchor_image_0020.jpg,121,133,94,72,82,58,192,189,181,34,34,19,261,261,manmade
manmade_wheelchair_image_0047.jpg,164,159,158,236,214,131,99,93,95,253,253,252,599,599,manmade
manmade_canmanmaden_image_0002.jpg,13,10,13,253,252,250,75,72,70,196,127,78,243,243,manmade
manmade_airplane_image_0176.jpg,53,52,31,116,108,97,164,154,152,230,224,227,487,487,manmade
manmade_revolver_image_0082.jpg,197,196,188,167,127,12,58,42,21,100,95,92,96,96,manmade
manmade_airplane_image_0785.jpg,228,232,227,50,59,45,130,134,110,88,105,88,428,428,manmade
manmade_ketch_image_0035.jpg,69,108,157,38,54,72,205,208,233,120,134,166,382,382,manmade
manmade_ketch_image_0092.jpg,235,234,233,94,90,91,25,22,22,158,152,152,388,388,manmade
manmade_airplane_image_0634.jpg,44,142,211,137,153,157,245,250,251,56,62,57,138,138,manmade
manmade_electricguitar_image_0004.jpg,241,237,194,179,177,137,20,34,15,97,98,66,203,203,manmade
manmade_motorbikes_image_0469.jpg,171,165,168,97,91,96,32,28,32,253,253,253,204,204,manmade
manmade_helicopter_image_0063.jpg,57,55,54,117,89,83,169,155,145,232,232,233,322,322,manmade
manmade_wheelchair_image_0038.jpg,37,37,37,157,157,157,226,226,226,102,102,102,1220,1220,manmade
manmade_cup_image_0019.jpg,163,145,131,206,192,179,248,246,242,83,44,42,95,95,manmade
manmade_airplane_image_0510.jpg,24,98,138,113,115,96,181,189,183,60,63,42,288,288,manmade
manmade_watch_image_0089.jpg,100,81,66,171,137,97,212,208,207,55,32,18,549,549,manmade
manmade_chandelier_image_0098.jpg,102,92,63,141,131,92,174,165,130,255,254,253,285,285,manmade
manmade_lamp_image_0042.jpg,18,17,7,207,151,88,115,89,47,127,119,98,525,525,manmade
manmade_laptop_image_0011.jpg,123,121,142,179,175,192,250,250,250,50,47,50,272,272,manmade
manmade_stopsign_image_0053.jpg,223,4,36,49,9,133,226,125,145,254,253,254,93,93,manmade
manmade_revolver_image_0079.jpg,62,53,47,216,210,199,178,168,149,118,116,93,769,769,manmade
manmade_barrel_image_0018.jpg,69,30,23,139,75,43,251,248,237,216,135,80,839,839,manmade
manmade_motorbikes_image_0618.jpg,229,223,221,255,254,254,161,113,120,74,40,52,187,187,manmade
manmade_electricguitar_image_0013.jpg,79,81,63,172,170,139,39,37,28,116,122,97,638,638,manmade
manmade_chandelier_image_0007.jpg,63,66,64,128,118,90,230,219,197,167,166,153,514,514,manmade
manmade_motorbikes_image_0301.jpg,98,109,99,253,253,253,34,43,36,159,180,146,378,378,manmade
manmade_umbrella_image_0012.jpg,93,93,90,118,163,193,59,65,71,80,125,153,108,108,manmade
manmade_grandpiamanmade_image_0061.jpg,112,93,84,253,252,252,38,26,23,182,159,147,306,306,manmade
manmade_motorbikes_image_0614.jpg,206,196,178,255,254,254,130,109,88,38,25,29,335,335,manmade
manmade_grandpiamanmade_image_0096.jpg,120,80,86,213,186,169,254,254,253,147,107,108,244,244,manmade
manmade_memanmaderah_image_0037.jpg,239,202,133,253,253,251,198,150,76,141,94,37,599,599,manmade
manmade_airplane_image_0169.jpg,104,84,77,158,137,125,52,37,39,212,201,195,573,573,manmade
manmade_carside_image_0069.jpg,53,53,53,147,147,147,101,101,101,216,216,216,645,645,manmade
manmade_barrel_image_0002.jpg,45,39,47,144,103,66,122,150,201,147,180,225,111,111,manmade
manmade_cellphone_image_0043.jpg,103,126,75,11,10,8,183,162,127,219,218,210,225,225,manmade
manmade_motorbikes_image_0490.jpg,129,119,120,49,38,39,200,202,204,255,255,255,255,255,manmade
manmade_airplane_image_0268.jpg,41,44,44,63,125,169,215,228,224,139,160,177,143,143,manmade
manmade_watch_image_0232.jpg,123,119,108,155,158,165,63,54,33,245,246,245,149,149,manmade
manmade_motorbikes_image_0150.jpg,87,84,74,165,154,135,246,249,247,26,30,29,365,365,manmade
manmade_airplane_image_0067.jpg,201,182,123,59,48,40,201,223,229,252,254,254,196,196,manmade
manmade_memanmaderah_image_0016.jpg,45,36,7,174,173,89,124,109,35,254,254,252,522,522,manmade
manmade_gramaphone_image_0012.jpg,197,188,155,152,127,68,32,18,21,254,253,252,325,325,manmade
manmade_airplane_image_0488.jpg,184,200,198,94,118,122,44,68,74,75,142,187,219,219,manmade
manmade_chandelier_image_0042.jpg,246,248,244,128,115,102,184,176,166,47,43,43,285,285,manmade
manmade_chair_image_0031.jpg,79,91,99,44,51,64,254,254,253,184,159,123,188,188,manmade
manmade_airplane_image_0353.jpg,32,41,41,253,254,253,118,151,180,85,103,90,353,353,manmade
manmade_airplane_image_0227.jpg,173,171,161,55,58,37,230,232,224,124,112,90,266,266,manmade
manmade_canmanmaden_image_0031.jpg,59,64,62,217,232,182,18,22,21,133,146,113,628,628,manmade
natural_brain_image_0019.jpg,211,211,211,3,3,3,72,72,72,143,143,143,840,840,natural
natural_faces_easy_image_0207.jpg,218,209,199,49,47,34,117,110,94,175,156,143,579,579,natural
natural_faces_image_0109.jpg,201,181,194,137,225,247,79,114,128,18,42,56,345,345,natural
natural_faces_easy_image_0355.jpg,178,140,135,43,28,24,99,83,78,204,189,188,374,374,natural
natural_faces_easy_image_0322.jpg,208,205,201,166,116,97,206,153,140,92,58,45,235,235,natural
natural_faces_image_0273.jpg,122,70,57,203,171,158,139,130,120,38,43,56,431,431,natural
natural_stegosaurus_image_0002.jpg,63,49,26,122,108,69,173,161,117,209,203,171,374,374,natural
natural_brain_image_0030.jpg,5,2,2,197,152,133,67,37,30,118,74,66,655,655,natural
natural_kangaroo_image_0027.jpg,51,49,65,95,90,97,220,210,201,157,144,141,561,561,natural
natural_trilobite_image_0007.jpg,179,181,174,139,139,136,71,72,66,1,1,1,710,710,natural
natural_bass_image_0052.jpg,138,110,109,94,47,62,242,239,200,186,174,162,225,225,natural
natural_sunflower_image_0033.jpg,48,93,167,173,155,51,140,190,220,57,57,39,578,578,natural
natural_rhinatural_image_0014.jpg,203,199,176,146,133,92,238,239,232,45,40,29,552,552,natural
natural_gerenuk_image_0013.jpg,105,103,87,52,52,38,162,153,137,201,200,198,589,589,natural
natural_ewer_image_0022.jpg,49,63,60,110,103,89,23,29,28,197,195,186,230,230,natural
natural_dolphin_image_0019.jpg,10,98,138,17,33,57,123,227,241,22,167,203,174,174,natural
natural_faces_easy_image_0046.jpg,179,161,156,222,217,207,56,49,48,144,117,116,1247,1247,natural
natural_faces_easy_image_0366.jpg,194,161,145,40,33,33,223,206,195,77,76,90,272,272,natural
natural_bonsai_image_0105.jpg,178,181,136,20,26,14,89,102,61,251,250,246,522,522,natural
natural_crocodile_image_0015.jpg,173,173,112,225,223,193,56,57,21,124,126,72,624,624,natural
natural_dalmatian_image_0038.jpg,31,30,30,202,204,205,251,251,251,127,127,126,572,572,natural
natural_trilobite_image_0079.jpg,211,190,183,161,139,129,84,64,61,7,4,4,991,991,natural
natural_crayfish_image_0043.jpg,222,202,195,254,253,253,95,41,29,149,83,64,246,246,natural
natural_beaver_image_0031.jpg,140,118,50,195,195,189,65,50,13,199,201,104,348,348,natural
natural_lotus_image_0051.jpg,71,98,22,98,117,80,235,152,220,145,145,130,150,150,natural
natural_llama_image_0032.jpg,109,97,68,230,215,179,48,35,29,167,149,121,637,637,natural
natural_emu_image_0005.jpg,101,94,86,21,22,25,171,163,154,234,230,229,444,444,natural
natural_hawksbill_image_0017.jpg,12,22,24,54,157,225,183,192,190,61,86,107,359,359,natural
natural_brain_image_0059.jpg,136,132,112,65,61,43,249,246,190,189,185,166,748,748,natural
natural_mayfly_image_0034.jpg,254,254,254,128,128,128,23,23,23,220,220,220,235,235,natural
natural_butterfly_image_0054.jpg,226,200,198,4,5,6,118,101,104,189,162,156,185,185,natural
natural_faces_image_0236.jpg,195,142,122,237,212,200,50,23,15,100,56,41,289,289,natural
natural_rhinatural_image_0002.jpg,1,1,1,106,105,92,136,131,119,57,55,47,147,147,natural
natural_stegosaurus_image_0039.jpg,236,233,236,191,135,117,39,32,27,107,74,67,402,402,natural
natural_dragonfly_image_0029.jpg,191,176,161,85,67,58,139,120,106,5,3,3,357,357,natural
natural_faces_easy_image_0054.jpg,219,188,195,244,239,244,88,87,76,180,169,148,267,267,natural
natural_faces_easy_image_0339.jpg,173,152,139,101,94,78,217,190,190,25,25,30,532,532,natural
natural_ewer_image_0002.jpg,158,150,126,110,99,87,205,200,181,70,58,51,404,404,natural
natural_dragonfly_image_0032.jpg,251,251,251,45,39,36,130,118,116,196,191,190,241,241,natural
natural_wildcat_image_0029.jpg,254,254,251,77,59,29,145,119,62,206,186,128,405,405,natural
natural_rhinatural_image_0031.jpg,202,198,159,212,208,214,136,120,114,78,60,59,379,379,natural
natural_faces_image_0408.jpg,197,199,195,134,110,95,42,37,35,168,157,145,630,630,natural
natural_dalmatian_image_0013.jpg,233,233,229,21,22,20,144,146,145,189,190,189,421,421,natural
natural_flamingo_image_0040.jpg,243,219,204,221,151,136,176,99,85,49,45,45,272,272,natural
natural_brain_image_0056.jpg,59,64,51,133,138,121,197,197,181,251,251,248,489,489,natural
natural_hedgehog_image_0005.jpg,233,214,183,18,14,14,159,132,101,92,69,45,738,738,natural
natural_courgarbody_image_0038.jpg,240,225,207,189,158,122,40,26,16,117,88,59,838,838,natural
natural_ibis_image_0064.jpg,215,216,201,145,143,124,78,76,64,55,52,42,225,225,natural
natural_panda_image_0019.jpg,26,25,24,43,102,49,247,154,199,252,251,252,426,426,natural
natural_brain_image_0087.jpg,224,228,222,165,169,157,11,10,9,98,100,90,836,836,natural
natural_sunflower_image_0023.jpg,34,39,47,235,244,244,192,136,69,150,176,202,420,420,natural
natural_sunflower_image_0017.jpg,52,52,19,67,134,163,198,160,29,4,42,118,393,393,natural
natural_butterfly_image_0020.jpg,145,203,205,29,44,31,103,155,154,58,103,90,312,312,natural
natural_crocodilehead_image_0015.jpg,85,72,76,125,112,115,159,159,172,46,39,38,344,344,natural
natural_dalmatian_image_0037.jpg,119,77,62,217,205,190,176,146,129,55,34,24,703,703,natural
natural_mayfly_image_0023.jpg,176,174,70,104,126,19,62,72,17,213,213,124,168,168,natural
natural_trilobite_image_0030.jpg,42,39,34,2,2,1,93,83,75,159,144,133,1005,1005,natural
natural_faces_easy_image_0124.jpg,198,168,163,7,11,11,82,61,59,152,125,117,99,99,natural
natural_trilobite_image_0068.jpg,199,231,225,110,142,132,19,42,71,2,4,7,466,466,natural
natural_sunflower_image_0053.jpg,255,255,253,79,86,13,233,191,25,143,149,28,207,207,natural
natural_ibis_image_0030.jpg,125,107,121,46,47,43,224,190,182,4,4,4,313,313,natural
natural_gerenuk_image_0015.jpg,186,166,156,132,110,97,161,139,128,91,74,58,714,714,natural
natural_faces_easy_image_0161.jpg,184,141,125,203,151,12,81,72,63,222,221,216,337,337,natural
natural_crab_image_0063.jpg,197,166,111,228,215,174,166,105,51,92,73,33,668,668,natural
natural_mayfly_image_0012.jpg,212,219,120,4,18,3,120,194,41,54,98,23,200,200,natural
natural_faces_image_0417.jpg,38,40,34,144,146,126,102,105,84,231,210,204,666,666,natural
natural_ewer_image_0054.jpg,117,167,169,173,213,217,141,189,192,253,254,254,171,171,natural
natural_dragonfly_image_0027.jpg,135,147,130,154,236,230,15,12,15,226,233,226,431,431,natural
natural_tick_image_0028.jpg,101,50,20,190,112,26,42,85,7,7,178,5,292,292,natural
natural_ibis_image_0041.jpg,220,85,88,129,82,86,238,184,195,46,43,55,288,288,natural
natural_courgarbody_image_0007.jpg,20,13,9,239,205,200,194,128,117,100,67,56,762,762,natural
natural_strawberry_image_0034.jpg,255,255,254,196,176,120,167,145,80,229,216,181,426,426,natural
natural_rooster_image_0020.jpg,210,208,187,159,141,79,85,92,67,30,16,23,476,476,natural
natural_dolphin_image_0016.jpg,8,7,9,219,221,221,80,79,85,114,144,169,287,287,natural
natural_sunflower_image_0003.jpg,17,25,10,105,178,230,188,144,26,25,133,197,435,435,natural
natural_lobster_image_0018.jpg,209,191,192,247,248,249,150,27,36,186,79,83,212,212,natural
natural_crocodile_image_0038.jpg,69,39,5,101,81,47,140,128,90,202,199,144,276,276,natural
natural_flamingo_image_0010.jpg,33,91,65,174,141,136,81,117,78,246,242,240,220,220,natural
natural_scorpian_image_0081.jpg,128,110,58,196,173,112,234,226,189,37,29,10,1153,1153,natural
natural_flower_image_0012.jpg,242,241,212,28,33,55,183,198,146,127,144,93,307,307,natural
natural_faces_easy_image_0373.jpg,221,201,212,79,101,140,38,39,37,95,89,62,323,323,natural
natural_flower_image_0018.jpg,239,243,219,15,17,10,241,225,51,146,156,136,391,391,natural
natural_dalmatian_image_0023.jpg,160,154,148,33,48,20,241,239,242,72,95,41,592,592,natural
natural_emu_image_0053.jpg,181,149,130,109,81,76,141,113,103,71,45,47,707,707,natural
natural_leopards_image_0015.jpg,28,29,17,126,145,151,197,205,218,88,90,61,145,145,natural
natural_tick_image_0033.jpg,107,92,97,75,57,67,173,130,122,210,167,150,160,160,natural
natural_faces_image_0398.jpg,164,157,115,225,215,193,28,34,34,91,99,85,1227,1227,natural
natural_faces_image_0077.jpg,142,151,147,64,67,52,105,112,85,208,181,187,506,506,natural
natural_leopards_image_0118.jpg,89,95,48,211,193,148,122,127,72,11,11,3,117,117,natural
natural_crayfish_image_0033.jpg,205,198,160,113,103,75,72,65,44,153,144,107,964,964,natural
natural_octopusimage_0027.jpg,227,245,226,14,38,14,111,140,111,190,193,190,231,231,natural
natural_lotus_image_0033.jpg,189,127,133,78,133,99,40,50,44,136,35,41,450,450,natural
natural_faces_easy_image_0056.jpg,230,199,204,123,109,81,191,160,137,55,46,33,374,374,natural
natural_brain_image_0043.jpg,34,33,34,113,113,110,188,179,183,248,248,248,849,849,natural
natural_hedgehog_image_0053.jpg,127,103,87,189,163,146,253,252,251,51,36,27,863,863,natural
natural_faces_easy_image_0308.jpg,184,162,165,80,67,53,219,230,222,141,113,115,305,305,natural
natural_faces_easy_image_0397.jpg,59,49,44,227,185,165,239,238,232,161,130,115,193,193,natural
natural_faces_easy_image_0411.jpg,202,158,142,47,43,31,238,205,199,103,103,73,306,306,natural
natural_leopards_image_0107.jpg,80,71,40,116,100,64,23,18,5,150,129,90,285,285,natural
natural_flamingo_image_0067.jpg,215,87,105,161,158,137,103,97,80,223,221,220,964,964,natural
natural_courgarface_image_0009.jpg,153,109,85,39,21,16,221,186,160,90,68,50,627,627,natural
natural_faces_image_0035.jpg,28,30,24,161,153,130,104,92,71,221,198,188,1035,1035,natural
natural_brontosaurs_image_0031.jpg,111,89,85,40,33,30,253,253,253,182,182,164,217,217,natural
natural_lotus_image_0054.jpg,44,116,61,104,175,138,232,186,212,16,34,17,520,520,natural
natural_flamingo_image_0016.jpg,243,229,170,143,102,70,193,172,132,45,37,21,577,577,natural
natural_dragonfly_image_0045.jpg,143,128,106,2,2,2,60,62,57,184,168,138,316,316,natural
natural_beaver_image_0015.jpg,227,209,156,152,122,78,86,122,149,69,47,36,830,830,natural
natural_crocodilehead_image_0009.jpg,107,95,73,249,239,98,44,40,30,226,168,76,1086,1086,natural
natural_faces_image_0135.jpg,71,66,66,227,223,214,29,21,23,136,130,118,866,866,natural
natural_beaver_image_0004.jpg,29,27,31,172,167,168,251,251,251,95,83,92,248,248,natural
natural_ant_image_0007.jpg,110,94,83,200,197,196,46,36,30,170,165,163,570,570,natural
natural_butterfly_image_0052.jpg,86,124,213,28,61,168,2,2,6,212,222,240,541,541,natural
natural_bass_image_0041.jpg,45,68,44,97,117,99,154,181,169,11,9,4,426,426,natural
natural_leopards_image_0190.jpg,32,40,12,127,140,84,192,199,142,82,94,48,385,385,natural
natural_bonsai_image_0124.jpg,75,83,56,140,146,101,20,29,12,227,213,175,618,618,natural
natural_seahorse_image_0031.jpg,6,38,28,25,141,57,44,95,151,166,224,211,1083,1083,natural
natural_trilobite_image_0002.jpg,167,136,136,1,1,1,118,97,100,88,67,70,472,472,natural
natural_brontosaurs_image_0041.jpg,185,183,180,106,91,73,149,144,139,45,45,35,424,424,natural
natural_leopards_image_0181.jpg,122,101,60,163,135,92,43,32,13,198,165,123,198,198,natural
natural_ibis_image_0025.jpg,15,32,28,233,237,233,49,93,67,119,156,125,669,669,natural
natural_ewer_image_0068.jpg,155,126,107,197,195,200,201,183,155,228,236,235,415,415,natural
natural_crayfish_image_0027.jpg,182,79,80,90,87,73,230,208,162,182,153,101,387,387,natural
natural_ewer_image_0071.jpg,165,140,130,116,101,101,218,195,173,70,58,70,302,302,natural
natural_faces_easy_image_0194.jpg,201,166,151,104,79,74,106,144,156,236,224,216,467,467,natural
natural_leopards_image_0081.jpg,192,160,118,156,130,87,111,91,51,39,28,11,195,195,natural
natural_faces_image_0013.jpg,77,86,74,161,149,106,31,35,25,233,196,191,364,364,natural
natural_bonsai_image_0110.jpg,254,254,253,146,146,137,33,33,24,70,72,56,480,480,natural
natural_faces_easy_image_0239.jpg,199,175,148,239,224,207,56,51,43,132,113,94,542,542,natural
natural_dragonfly_image_0038.jpg,230,218,173,82,91,68,48,54,44,163,158,115,368,368,natural
natural_dolphin_image_0021.jpg,88,142,206,55,106,169,17,99,200,12,112,216,133,133,natural
natural_rooster_image_0030.jpg,253,253,253,134,134,134,202,202,202,63,63,63,183,183,natural
natural_brain_image_0063.jpg,251,250,249,59,44,37,173,142,130,228,201,190,560,560,natural
natural_hedgehog_image_0026.jpg,27,27,20,186,176,152,130,121,101,71,67,53,788,788,natural
natural_stegosaurus_image_0047.jpg,126,98,87,53,46,42,232,230,230,176,143,128,374,374,natural
natural_ibis_image_0063.jpg,225,203,150,60,47,25,173,146,104,123,102,67,1439,1439,natural
natural_leopards_image_0076.jpg,65,62,24,118,98,49,23,29,9,178,134,72,191,191,natural
natural_starfish_image_0039.jpg,156,140,132,201,194,183,55,31,33,111,91,88,758,758,natural
natural_wildcat_image_0001.jpg,191,172,160,124,106,99,245,240,234,51,40,40,751,751,natural
natural_faces_easy_image_0211.jpg,242,224,224,203,179,177,78,79,60,133,137,124,488,488,natural
natural_sunflower_image_0076.jpg,182,124,27,122,62,10,237,198,24,23,12,4,403,403,natural
natural_llama_image_0050.jpg,32,41,41,182,171,131,110,103,86,228,224,228,772,772,natural
natural_beaver_image_0043.jpg,3,2,1,203,171,143,156,115,83,97,60,35,294,294,natural
natural_hedgehog_image_0014.jpg,34,31,34,163,161,138,221,222,208,113,108,94,828,828,natural
natural_platypus_image_0009.jpg,252,252,250,150,116,62,189,165,132,103,70,26,273,273,natural
natural_butterfly_image_0044.jpg,186,127,64,134,72,27,106,52,9,238,225,208,702,702,natural
natural_starfish_image_0068.jpg,253,253,252,214,169,132,47,24,21,176,98,53,356,356,natural
natural_leopards_image_0158.jpg,10,8,3,141,111,59,92,85,47,221,174,105,93,93,natural
natural_okapi_image_0004.jpg,15,23,15,195,212,157,69,104,53,135,171,96,421,421,natural
natural_hawksbill_image_0014.jpg,214,189,185,47,23,24,133,99,96,13,66,124,986,986,natural
natural_stegosaurus_image_0050.jpg,186,151,147,225,195,187,65,33,60,143,98,101,483,483,natural
natural_ewer_image_0064.jpg,9,11,8,233,240,230,107,102,75,177,180,153,270,270,natural
natural_dalmatian_image_0055.jpg,238,233,225,192,180,172,26,26,24,156,127,87,265,265,natural
natural_bonsai_image_0096.jpg,129,130,101,177,179,165,247,243,234,85,82,56,446,446,natural
natural_dalmatian_image_0047.jpg,194,177,155,136,123,39,246,239,226,73,43,11,994,994,natural
natural_faces_easy_image_0157.jpg,155,142,122,223,188,176,104,99,72,29,33,33,374,374,natural
natural_bonsai_image_0007.jpg,92,105,54,149,162,108,42,44,18,254,254,252,251,251,natural
natural_butterfly_image_0002.jpg,56,64,51,213,150,71,13,8,7,133,107,51,460,460,natural
natural_starfish_image_0014.jpg,4,2,3,219,177,136,159,116,77,100,64,34,774,774,natural
natural_faces_image_0201.jpg,218,211,194,183,147,133,86,112,115,7,9,10,540,540,natural
natural_trilobite_image_0037.jpg,178,147,103,89,66,61,11,5,4,235,217,174,1053,1053,natural
natural_crab_image_0019.jpg,220,213,206,178,166,150,47,47,16,125,107,67,884,884,natural
natural_elephant_image_0056.jpg,213,200,172,154,147,120,95,92,75,43,38,31,879,879,natural
natural_faces_image_0162.jpg,181,178,175,123,109,107,57,54,51,158,109,11,324,324,natural
natural_flamingohead_image_0002.jpg,94,107,107,145,83,67,183,135,118,62,48,42,467,467,natural
natural_faces_easy_image_0407.jpg,223,194,191,160,147,130,35,35,30,110,111,84,415,415,natural
natural_ewer_image_0006.jpg,88,68,33,139,131,95,39,31,10,198,196,186,920,920,natural
natural_rhinatural_image_0013.jpg,207,204,200,116,112,117,155,152,154,51,41,36,210,210,natural
natural_faces_easy_image_0257.jpg,124,136,173,68,67,87,196,182,219,33,23,34,441,441,natural
natural_beaver_image_0028.jpg,142,128,119,62,45,38,194,180,175,101,74,66,320,320,natural
natural_trilobite_image_0050.jpg,10,10,12,251,247,234,228,183,138,76,70,70,372,372,natural
natural_faces_easy_image_0063.jpg,222,218,217,69,67,63,146,122,110,190,162,157,219,219,natural
natural_hawksbill_image_0073.jpg,123,83,84,49,18,21,182,149,148,232,209,204,878,878,natural
natural_strawberry_image_0006.jpg,127,25,44,200,52,69,10,5,29,205,173,157,122,122,natural
natural_flamingo_image_0024.jpg,58,52,39,114,100,83,248,231,226,203,155,143,387,387,natural
natural_crab_image_0057.jpg,38,23,27,88,64,50,136,105,82,201,168,131,772,772,natural
natural_dolphin_image_0028.jpg,88,155,191,154,198,218,17,81,119,44,122,163,604,604,natural
natural_faces_image_0134.jpg,114,96,66,164,138,110,46,47,35,232,188,187,509,509,natural
natural_faces_image_0090.jpg,164,212,234,89,98,110,29,48,60,152,153,160,1512,1512,natural
natural_dolphin_image_0037.jpg,201,218,228,18,37,53,112,140,161,58,87,110,737,737,natural
natural_ibis_image_0011.jpg,158,152,143,29,32,45,221,221,217,74,77,86,698,698,natural
natural_scorpian_image_0050.jpg,17,24,18,139,145,138,187,193,190,72,78,73,183,183,natural
natural_pigeon_image_0006.jpg,80,85,59,50,51,49,103,105,102,157,166,165,198,198,natural
natural_starfish_image_0084.jpg,131,75,44,119,205,172,49,25,15,70,159,138,547,547,natural
natural_llama_image_0061.jpg,176,165,151,49,62,47,131,125,113,90,93,76,670,670,natural
natural_trilobite_image_0044.jpg,215,215,215,127,127,127,62,62,62,9,9,9,413,413,natural
natural_dragonfly_image_0022.jpg,5,7,5,233,227,215,96,88,73,178,168,145,474,474,natural
natural_leopards_image_0084.jpg,27,30,17,71,73,43,115,111,77,164,160,123,233,233,natural
natural_stegosaurus_image_0025.jpg,82,76,60,252,251,252,144,133,105,186,177,153,166,166,natural
natural_dolphin_image_0043.jpg,131,123,137,42,35,44,196,184,195,73,65,74,478,478,natural
natural_beaver_image_0022.jpg,30,25,32,98,84,94,251,249,250,173,166,169,314,314,natural
natural_leopards_image_0033.jpg,242,223,186,41,37,19,101,96,65,172,150,117,294,294,natural
natural_leopards_image_0164.jpg,29,34,19,75,77,57,127,126,104,224,223,201,271,271,natural
natural_kangaroo_image_0031.jpg,251,251,251,137,130,119,182,174,158,67,64,66,393,393,natural
natural_brain_image_0086.jpg,5,93,145,4,51,98,8,132,187,0,1,2,451,451,natural
natural_ewer_image_0033.jpg,75,71,59,129,125,111,190,184,166,24,23,19,344,344,natural
natural_faces_image_0241.jpg,107,111,124,147,161,183,49,67,84,209,196,215,735,735,natural
natural_butterfly_image_0059.jpg,1,1,1,250,250,250,33,33,33,218,218,218,624,624,natural
natural_crab_image_0014.jpg,107,97,73,40,30,23,223,220,205,158,148,125,676,676,natural
natural_stegosaurus_image_0035.jpg,206,183,202,146,111,69,11,6,2,240,233,240,173,173,natural
natural_mayfly_image_0011.jpg,254,254,254,219,219,219,22,22,22,124,124,124,108,108,natural
natural_hawksbill_image_0032.jpg,118,148,161,197,193,192,40,114,150,45,86,111,838,838,natural
natural_faces_image_0327.jpg,29,20,18,111,88,77,192,158,141,208,204,199,1130,1130,natural
natural_brontosaurs_image_0021.jpg,153,141,141,235,219,187,83,78,87,21,18,47,700,700,natural
natural_bass_image_0040.jpg,56,46,44,179,161,167,8,5,5,118,101,97,599,599,natural
natural_courgarbody_image_0037.jpg,85,86,87,211,207,200,26,21,19,163,150,138,542,542,natural
natural_leopards_image_0054.jpg,15,22,6,81,100,46,115,137,72,159,173,108,164,164,natural
natural_faces_easy_image_0324.jpg,52,65,67,127,122,108,192,191,192,244,241,233,594,594,natural
natural_butterfly_image_0027.jpg,95,109,83,203,92,34,29,32,20,202,206,187,472,472,natural
natural_starfish_image_0016.jpg,161,117,82,254,254,253,202,162,126,238,207,173,574,574,natural
natural_mayfly_image_0037.jpg,235,223,218,44,36,44,102,89,95,185,167,163,373,373,natural
natural_joshuatree_image_0017.jpg,107,95,79,171,197,244,73,64,54,139,124,106,698,698,natural
natural_tick_image_0003.jpg,92,71,40,231,201,150,253,248,198,154,126,87,378,378,natural
natural_rhinatural_image_0021.jpg,48,40,42,92,82,79,129,116,100,161,149,123,178,178,natural
natural_leopards_image_0048.jpg,14,6,2,184,143,83,144,114,59,94,75,29,142,142,natural
natural_brain_image_0020.jpg,215,215,215,69,69,69,3,3,3,144,144,144,744,744,natural
natural_dalmatian_image_0002.jpg,211,204,210,149,17,36,108,114,98,41,42,48,757,757,natural
natural_dragonfly_image_0044.jpg,136,133,136,176,171,171,85,76,74,17,16,20,261,261,natural
natural_joshuatree_image_0025.jpg,62,69,26,170,180,195,113,113,54,216,221,221,312,312,natural
natural_faces_easy_image_0110.jpg,51,55,60,198,211,233,103,103,111,175,159,170,457,457,natural
natural_hedgehog_image_0038.jpg,229,208,234,183,156,188,121,114,113,79,83,74,558,558,natural
natural_joshuatree_image_0033.jpg,136,104,76,49,38,28,204,203,209,95,117,154,791,791,natural
natural_ibis_image_0017.jpg,80,64,49,134,111,96,31,26,20,226,224,227,1648,1648,natural
natural_okapi_image_0016.jpg,42,29,25,254,254,254,128,75,50,174,162,154,261,261,natural
natural_seahorse_image_0057.jpg,23,22,14,94,84,66,224,204,189,154,141,123,717,717,natural
natural_leopards_image_0018.jpg,88,94,47,122,126,72,210,192,147,11,11,3,117,117,natural
natural_wildcat_image_0011.jpg,18,13,10,178,162,134,98,82,66,237,228,219,608,608,natural
natural_ewer_image_0005.jpg,203,212,190,57,53,15,111,111,69,169,173,145,220,220,natural
natural_bonsai_image_0003.jpg,42,57,34,96,101,88,234,240,195,164,154,121,478,478,natural
natural_bonsai_image_0025.jpg,120,167,121,3,4,3,75,103,80,202,215,202,602,602,natural
natural_faces_easy_image_0005.jpg,152,143,118,222,188,182,48,47,31,84,92,85,436,436,natural
natural_platypus_image_0024.jpg,207,187,140,246,244,231,138,125,91,49,47,35,897,897,natural
natural_crocodilehead_image_0022.jpg,137,139,132,99,106,87,170,173,168,57,62,46,648,648,natural
natural_scorpian_image_0033.jpg,154,145,155,104,94,107,149,181,224,242,233,218,316,316,natural
natural_leopards_image_0034.jpg,101,89,56,41,34,15,242,217,176,175,147,109,295,295,natural
natural_ewer_image_0007.jpg,208,192,216,64,45,44,146,121,82,111,91,58,208,208,natural
natural_faces_easy_image_0162.jpg,63,57,52,173,124,15,156,118,111,195,194,193,255,255,natural
natural_leopards_image_0198.jpg,25,37,15,216,202,134,129,136,72,72,84,36,332,332,natural
natural_tick_image_0043.jpg,136,154,83,54,48,21,100,107,54,169,199,111,791,791,natural
natural_courgarface_image_0054.jpg,158,158,158,210,210,210,130,130,130,251,251,251,877,877,natural
natural_stegosaurus_image_0048.jpg,123,135,113,165,175,154,76,96,74,35,57,34,793,793,natural
natural_faces_image_0004.jpg,202,160,115,105,176,190,40,39,38,61,89,98,744,744,natural
natural_dragonfly_image_0059.jpg,2,2,3,40,50,76,178,184,150,125,130,102,356,356,natural
natural_hawksbill_image_0079.jpg,1,89,221,6,122,215,14,154,239,3,90,192,80,80,natural
natural_butterfly_image_0062.jpg,191,200,120,129,194,164,214,238,213,248,252,250,523,523,natural
natural_wildcat_image_0002.jpg,24,22,15,143,161,118,198,210,209,86,85,54,1087,1087,natural
natural_crab_image_0035.jpg,225,232,190,104,104,60,34,39,14,162,169,118,827,827,natural
natural_nautilus_image_0048.jpg,9,4,3,92,70,67,147,152,162,196,213,227,375,375,natural
natural_faces_image_0011.jpg,76,90,83,53,54,41,225,183,177,111,120,91,252,252,natural
natural_kangaroo_image_0008.jpg,76,90,49,21,24,14,184,159,132,113,104,81,498,498,natural
natural_faces_image_0364.jpg,51,35,28,157,152,146,111,92,86,201,185,181,275,275,natural
natural_lobster_image_0031.jpg,173,162,157,29,23,22,108,98,93,232,223,221,740,740,natural
natural_faces_image_0150.jpg,220,203,209,25,37,44,148,140,127,84,85,65,452,452,natural
natural_beaver_image_0035.jpg,112,88,65,156,136,110,72,36,26,209,189,163,669,669,natural
natural_gerenuk_image_0004.jpg,88,84,72,23,24,22,183,180,173,135,131,116,1310,1310,natural
natural_dragonfly_image_0020.jpg,66,63,83,110,108,127,168,167,182,249,251,251,433,433,natural
natural_wildcat_image_0026.jpg,113,120,123,175,172,170,66,69,65,240,232,222,556,556,natural
natural_faces_easy_image_0160.jpg,186,143,129,83,75,67,222,219,213,203,151,13,358,358,natural
natural_faces_image_0287.jpg,160,154,154,220,221,216,100,86,78,38,39,34,616,616,natural
natural_elephant_image_0043.jpg,152,139,113,205,212,238,114,104,70,55,50,31,836,836,natural
natural_llama_image_0071.jpg,233,229,213,52,46,39,193,173,135,130,116,85,1009,1009,natural
natural_beaver_image_0025.jpg,219,231,227,100,85,92,126,121,117,171,171,160,154,154,natural
natural_hawksbill_image_0030.jpg,90,103,101,103,247,204,207,251,250,149,158,153,391,391,natural
natural_octopusimage_0010.jpg,252,252,252,142,142,142,190,190,190,73,73,73,391,391,natural
natural_crocodilehead_image_0024.jpg,173,161,138,80,77,57,224,222,181,133,122,106,746,746,natural
natural_mayfly_image_0013.jpg,214,212,125,98,70,29,1,1,1,156,134,71,177,177,natural
natural_faces_easy_image_0261.jpg,119,148,176,222,187,212,173,133,149,80,80,84,268,268,natural
natural_crab_image_0024.jpg,126,122,110,51,41,33,245,245,241,185,185,174,680,680,natural
natural_hawksbill_image_0048.jpg,3,59,183,8,156,226,19,72,78,240,249,242,179,179,natural
natural_okapi_image_0024.jpg,18,17,31,182,175,160,114,117,105,239,228,214,775,775,natural
natural_starfish_image_0065.jpg,232,102,21,234,165,117,229,228,227,244,128,51,313,313,natural
natural_bonsai_image_0121.jpg,114,115,101,145,147,136,79,84,57,182,182,168,371,371,natural
natural_okapi_image_0033.jpg,247,239,224,100,110,83,172,173,145,61,65,44,619,619,natural
natural_ibis_image_0054.jpg,100,93,94,174,179,184,136,129,131,206,211,218,367,367,natural
natural_courgarbody_image_0029.jpg,123,113,109,173,168,170,83,68,46,234,233,229,722,722,natural
natural_faces_image_0208.jpg,219,222,209,174,162,145,36,44,41,98,97,93,1923,1923,natural
natural_brain_image_0017.jpg,140,140,140,69,69,69,4,4,4,211,211,211,944,944,natural
natural_flamingo_image_0002.jpg,228,203,198,80,76,46,20,24,17,162,93,72,145,145,natural
natural_stegosaurus_image_0028.jpg,3,1,2,177,112,116,202,209,228,115,42,47,345,345,natural
natural_ibis_image_0040.jpg,161,181,178,200,202,198,226,227,223,131,160,153,84,84,natural
natural_bass_image_0015.jpg,164,149,144,104,80,60,215,212,224,30,19,8,641,641,natural
natural_starfish_image_0054.jpg,254,254,253,147,115,64,197,162,102,237,206,142,351,351,natural
natural_lotus_image_0055.jpg,114,135,105,207,187,164,193,89,62,48,41,28,671,671,natural
natural_bonsai_image_0041.jpg,165,176,156,125,137,96,207,215,221,80,81,63,675,675,natural
natural_faces_easy_image_0097.jpg,110,138,168,126,214,247,199,174,198,42,68,88,539,539,natural
natural_brontosaurs_image_0033.jpg,37,37,208,91,97,71,185,192,126,46,52,33,360,360,natural
natural_bonsai_image_0090.jpg,75,82,71,178,181,179,251,251,250,16,21,17,337,337,natural
natural_bass_image_0044.jpg,215,226,219,47,54,25,131,139,112,197,205,192,390,390,natural
natural_faces_easy_image_0349.jpg,216,182,176,103,87,77,43,29,21,147,132,122,297,297,natural
natural_bass_image_0007.jpg,36,43,32,127,135,105,173,173,166,84,86,65,392,392,natural
natural_leopards_image_0183.jpg,110,104,77,79,138,222,22,24,23,229,219,189,71,71,natural
natural_bonsai_image_0001.jpg,232,232,230,17,14,20,100,85,88,176,175,174,621,621,natural
natural_dolphin_image_0033.jpg,211,187,165,141,145,144,62,59,61,106,119,126,185,185,natural
natural_brain_image_0033.jpg,1,3,1,199,203,196,163,168,162,137,141,135,382,382,natural
natural_bass_image_0019.jpg,15,60,122,213,205,192,97,83,76,6,5,8,219,219,natural
natural_lobster_image_0033.jpg,98,116,108,236,241,236,51,71,66,169,181,169,559,559,natural
natural_leopards_image_0133.jpg,101,95,65,172,150,117,242,223,187,41,37,19,288,288,natural
natural_bass_image_0035.jpg,103,103,103,253,253,253,182,182,182,37,37,37,643,643,natural
natural_bass_image_0043.jpg,64,101,154,250,249,248,155,135,110,57,51,49,479,479,natural
natural_stegosaurus_image_0027.jpg,128,128,128,234,234,234,183,183,183,60,60,60,394,394,natural
natural_beaver_image_0003.jpg,82,60,30,252,222,170,227,177,107,165,118,61,119,119,natural
natural_llama_image_0014.jpg,221,209,185,169,155,123,99,101,101,49,57,68,478,478,natural
natural_leopards_image_0176.jpg,28,33,11,129,105,53,181,136,74,75,69,29,190,190,natural
natural_lotus_image_0050.jpg,43,43,43,148,148,148,109,109,109,225,225,225,248,248,natural
natural_scorpian_image_0028.jpg,117,124,117,40,38,33,90,92,86,132,141,136,197,197,natural
natural_faces_image_0277.jpg,220,157,143,106,77,63,175,176,175,141,138,138,384,384,natural
natural_bonsai_image_0068.jpg,227,222,219,196,175,135,100,104,47,19,17,13,610,610,natural
natural_bonsai_image_0074.jpg,92,83,51,4,5,6,173,166,125,216,222,198,359,359,natural
natural_ibis_image_0075.jpg,129,167,221,106,129,158,82,93,99,45,44,43,1154,1154,natural
natural_hawksbill_image_0051.jpg,172,188,182,3,48,170,25,157,197,20,46,89,501,501,natural
natural_starfish_image_0077.jpg,76,89,70,171,184,166,119,134,113,162,74,60,1066,1066,natural
natural_faces_image_0066.jpg,113,104,81,166,161,133,241,240,234,208,184,167,350,350,natural
natural_joshuatree_image_0011.jpg,32,10,17,123,15,33,66,7,40,188,38,35,76,76,natural
natural_dolphin_image_0065.jpg,141,166,198,69,76,95,229,236,249,49,122,182,820,820,natural
natural_wildcat_image_0004.jpg,106,92,62,162,152,119,233,228,202,52,38,16,1742,1742,natural
natural_emu_image_0022.jpg,120,86,79,62,46,50,2,1,2,200,162,135,476,476,natural
natural_faces_image_0172.jpg,171,185,181,141,129,114,62,54,44,220,171,139,568,568,natural
natural_flamingohead_image_0011.jpg,12,8,5,50,48,71,161,30,9,208,131,75,204,204,natural
natural_elephant_image_0054.jpg,225,208,177,48,38,38,112,96,85,169,150,128,1172,1172,natural
natural_faces_easy_image_0079.jpg,203,191,191,102,87,70,160,146,139,54,51,49,505,505,natural
natural_flamingo_image_0027.jpg,122,132,181,203,195,219,102,82,85,47,33,37,710,710,natural
natural_panda_image_0012.jpg,190,183,149,243,240,234,129,124,73,27,25,19,654,654,natural
natural_faces_image_0085.jpg,207,185,180,91,84,70,137,148,106,244,231,232,1240,1240,natural
natural_courgarbody_image_0042.jpg,40,29,39,242,227,237,131,99,105,197,175,188,327,327,natural
natural_dolphin_image_0017.jpg,44,51,129,31,31,110,73,97,151,108,142,181,56,56,natural
natural_faces_image_0322.jpg,193,174,167,215,212,208,170,121,101,92,61,49,517,517,natural
natural_faces_easy_image_0038.jpg,45,38,29,160,141,127,205,182,170,98,86,71,483,483,natural
natural_emu_image_0010.jpg,204,170,107,93,67,41,149,115,69,235,207,146,1159,1159,natural
natural_faces_easy_image_0432.jpg,212,201,202,172,152,142,47,36,34,134,110,93,193,193,natural
natural_leopards_image_0082.jpg,30,34,15,242,226,185,152,135,91,78,81,48,316,316,natural
natural_leopards_image_0128.jpg,101,105,52,12,14,2,64,69,26,140,136,84,137,137,natural
natural_faces_image_0383.jpg,165,165,151,41,55,56,104,98,70,236,203,198,531,531,natural
natural_rhinatural_image_0034.jpg,83,62,58,122,98,88,188,174,156,158,135,117,1130,1130,natural
natural_hedgehog_image_0048.jpg,145,126,131,204,186,188,69,51,57,247,247,249,411,411,natural
natural_mayfly_image_0010.jpg,64,89,87,26,23,62,142,140,122,201,198,181,314,314,natural
natural_faces_image_0106.jpg,41,55,65,194,159,154,167,214,232,92,128,156,1730,1730,natural
natural_trilobite_image_0014.jpg,5,6,5,189,185,167,148,109,67,42,41,37,359,359,natural
natural_faces_image_0261.jpg,117,144,174,216,179,204,101,116,127,69,73,80,271,271,natural
natural_crocodile_image_0050.jpg,98,90,98,59,53,69,165,144,135,225,196,193,332,332,natural
natural_faces_easy_image_0115.jpg,102,82,71,225,204,204,169,150,140,54,36,27,155,155,natural
natural_crab_image_0068.jpg,167,158,126,119,111,81,220,216,185,64,57,35,1417,1417,natural
natural_leopards_image_0038.jpg,15,12,12,83,66,35,118,153,209,144,117,84,72,72,natural
natural_rhinatural_image_0007.jpg,152,121,96,3,2,2,222,190,149,84,64,61,389,389,natural
natural_nautilus_image_0009.jpg,168,145,60,133,79,18,214,205,137,253,252,242,513,513,natural
natural_faces_easy_image_0042.jpg,185,154,148,111,96,82,56,48,46,217,195,195,345,345,natural
natural_nautilus_image_0049.jpg,123,114,89,153,157,142,94,74,52,2,1,1,233,233,natural
natural_hawksbill_image_0016.jpg,52,141,155,5,51,91,167,227,222,5,31,48,171,171,natural
natural_sunflower_image_0007.jpg,235,206,46,47,57,43,71,123,82,106,176,188,340,340,natural
natural_faces_easy_image_0410.jpg,225,193,193,38,35,28,97,93,70,187,146,134,337,337,natural
natural_sunflower_image_0046.jpg,51,72,44,154,99,22,224,174,85,253,253,251,592,592,natural
natural_okapi_image_0018.jpg,75,71,84,130,157,133,169,184,174,228,219,231,967,967,natural
natural_kangaroo_image_0018.jpg,47,47,50,210,211,193,97,91,83,149,139,124,658,658,natural
natural_scorpian_image_0037.jpg,182,161,134,147,125,102,82,57,48,234,220,201,1309,1309,natural
natural_trilobite_image_0081.jpg,149,101,79,208,173,161,99,48,28,15,3,1,409,409,natural
natural_faces_easy_image_0302.jpg,154,140,136,36,32,34,114,91,84,209,195,184,207,207,natural
natural_nautilus_image_0018.jpg,154,154,154,238,238,238,33,33,33,92,92,92,208,208,natural
natural_rooster_image_0040.jpg,254,253,247,71,41,38,195,84,62,237,209,143,575,575,natural
natural_pigeon_image_0012.jpg,174,145,141,39,26,26,233,217,213,101,75,63,508,508,natural
natural_faces_easy_image_0356.jpg,93,85,74,191,184,183,149,136,129,37,30,25,570,570,natural
natural_faces_image_0136.jpg,115,114,109,225,196,193,184,170,162,54,47,50,572,572,natural
natural_scorpian_image_0022.jpg,195,162,101,67,31,8,149,110,48,81,116,131,308,308,natural
natural_butterfly_image_0091.jpg,252,252,252,6,4,4,81,32,32,217,37,19,385,385,natural
natural_faces_image_0337.jpg,132,143,104,29,30,26,75,82,61,226,192,190,1079,1079,natural
natural_crayfish_image_0024.jpg,125,162,183,40,20,25,232,226,210,135,101,89,1081,1081,natural
natural_ibis_image_0070.jpg,146,181,218,231,230,216,131,133,131,37,31,27,515,515,natural
natural_mayfly_image_0039.jpg,71,81,85,151,163,179,119,136,153,22,22,16,131,131,natural
natural_dalmatian_image_0041.jpg,45,64,74,116,135,156,172,186,216,225,237,247,425,425,natural
natural_gerenuk_image_0022.jpg,184,150,123,150,120,92,50,36,20,98,78,55,504,504,natural
natural_faces_image_0319.jpg,221,213,208,184,169,165,73,72,53,161,120,112,576,576,natural
natural_crocodilehead_image_0033.jpg,170,167,160,70,53,47,223,225,224,122,112,103,1172,1172,natural
natural_butterfly_image_0023.jpg,117,119,107,55,51,36,193,156,169,130,169,209,513,513,natural
natural_starfish_image_0055.jpg,37,33,66,226,203,173,194,197,212,249,248,248,199,199,natural
natural_sunflower_image_0051.jpg,232,181,71,6,3,3,182,92,21,249,192,9,578,578,natural
natural_sunflower_image_0058.jpg,120,89,42,83,90,202,231,207,86,241,241,250,250,250,natural
natural_trilobite_image_0048.jpg,155,135,139,188,170,176,5,3,4,116,83,74,395,395,natural
natural_faces_easy_image_0066.jpg,214,184,169,105,83,62,172,155,128,243,239,233,268,268,natural
natural_emu_image_0006.jpg,143,169,112,71,133,57,35,40,19,200,214,175,970,970,natural
natural_butterfly_image_0013.jpg,213,203,188,43,23,40,210,159,110,90,75,92,1603,1603,natural
natural_courgarface_image_0010.jpg,250,250,250,104,104,104,161,161,161,211,211,211,301,301,natural
natural_starfish_image_0008.jpg,218,188,196,154,136,136,122,87,95,173,158,157,260,260,natural
natural_octopusimage_0024.jpg,127,122,115,91,89,80,39,43,31,164,161,156,325,325,natural
natural_okapi_image_0039.jpg,219,208,196,26,23,18,116,112,89,166,156,136,486,486,natural
natural_dolphin_image_0015.jpg,172,178,204,55,49,78,74,66,139,115,83,164,205,205,natural
natural_faces_easy_image_0175.jpg,140,119,111,217,175,164,89,73,64,41,31,24,344,344,natural
natural_brontosaurs_image_0011.jpg,217,146,129,170,104,96,107,65,67,2,1,2,213,213,natural
natural_faces_image_0014.jpg,35,33,39,194,194,191,165,157,142,108,86,83,253,253,natural
natural_panda_image_0023.jpg,205,179,192,170,148,130,42,34,36,113,81,55,298,298,natural
natural_dolphin_image_0014.jpg,179,128,185,57,53,83,73,66,138,101,72,162,104,104,natural
natural_starfish_image_0033.jpg,13,6,4,189,100,96,60,36,30,117,18,17,955,955,natural
natural_dragonfly_image_0048.jpg,116,112,115,24,20,22,210,209,210,253,253,253,102,102,natural
natural_hawksbill_image_0087.jpg,103,157,170,39,101,151,26,61,100,173,210,221,804,804,natural
natural_bonsai_image_0117.jpg,172,184,198,249,251,251,109,122,138,39,51,67,612,612,natural
natural_crab_image_0043.jpg,248,250,249,122,35,36,16,146,192,217,11,10,332,332,natural
natural_starfish_image_0015.jpg,158,126,117,14,12,11,92,76,63,215,187,191,839,839,natural
natural_scorpian_image_0051.jpg,202,200,198,131,121,116,1,1,1,78,77,74,225,225,natural
natural_wildcat_image_0022.jpg,37,29,17,251,251,246,121,114,80,189,184,149,674,674,natural
natural_hawksbill_image_0100.jpg,24,5,6,77,41,36,194,120,45,243,203,143,307,307,natural
natural_platypus_image_0020.jpg,194,189,178,25,22,18,89,83,74,121,119,118,155,155,natural
natural_faces_easy_image_0120.jpg,46,29,22,161,128,118,101,71,60,193,173,168,285,285,natural
natural_trilobite_image_0015.jpg,225,225,225,105,89,72,11,6,2,59,44,26,739,739,natural
natural_faces_easy_image_0015.jpg,65,55,49,224,215,185,25,17,23,153,167,120,557,557,natural
natural_platypus_image_0004.jpg,92,75,40,159,146,92,9,6,4,213,203,158,356,356,natural
natural_platypus_image_0010.jpg,107,122,91,227,221,192,174,176,146,246,244,235,843,843,natural
natural_strawberry_image_0007.jpg,172,17,41,210,97,89,61,102,59,6,3,4,352,352,natural
natural_flower_image_0020.jpg,43,54,19,167,155,119,86,110,36,238,209,230,327,327,natural
natural_faces_image_0310.jpg,54,57,49,101,100,102,229,229,212,159,164,152,1772,1772,natural
natural_kangaroo_image_0032.jpg,199,192,177,60,75,40,112,115,81,154,165,120,1114,1114,natural
natural_lobster_image_0022.jpg,124,129,145,55,37,48,189,195,214,138,55,53,533,533,natural
natural_trilobite_image_0070.jpg,135,128,153,93,90,110,55,59,77,1,1,1,500,500,natural
natural_bass_image_0020.jpg,65,64,79,1,1,2,230,227,167,142,139,100,504,504,natural
natural_courgarface_image_0065.jpg,101,95,79,214,185,155,145,132,125,41,43,27,375,375,natural
natural_faces_image_0404.jpg,28,25,19,120,113,105,76,68,44,206,180,183,352,352,natural
natural_rhinatural_image_0011.jpg,169,156,144,132,123,78,20,21,11,87,86,44,585,585,natural
natural_lotus_image_0039.jpg,228,244,248,102,115,150,215,206,53,119,164,224,406,406,natural
natural_faces_easy_image_0282.jpg,119,98,89,182,132,121,189,187,185,74,54,44,367,367,natural
natural_ewer_image_0076.jpg,62,64,68,121,123,127,183,185,187,224,225,226,224,224,natural
natural_faces_easy_image_0323.jpg,242,236,226,85,83,78,29,16,19,202,199,129,575,575,natural
natural_faces_easy_image_0423.jpg,141,127,101,187,171,144,51,44,40,212,202,184,210,210,natural
natural_llama_image_0063.jpg,25,23,19,130,104,64,217,218,207,182,173,134,690,690,natural
natural_faces_easy_image_0223.jpg,214,210,203,41,32,29,135,100,85,193,155,134,276,276,natural
natural_leopards_image_0014.jpg,91,86,51,34,36,15,202,181,130,138,126,83,269,269,natural
natural_beaver_image_0036.jpg,183,183,194,229,235,246,63,49,49,115,94,94,203,203,natural
natural_mayfly_image_0022.jpg,74,86,29,107,104,64,192,212,96,150,178,81,163,163,natural
natural_wildcat_image_0003.jpg,122,104,96,174,154,145,36,32,31,78,66,61,901,901,natural
natural_faces_easy_image_0370.jpg,102,101,102,191,162,144,45,43,42,229,220,210,352,352,natural
natural_nautilus_image_0043.jpg,81,98,111,48,26,13,177,151,118,135,93,58,236,236,natural
natural_starfish_image_0069.jpg,142,126,101,194,180,149,102,76,65,48,39,33,1198,1198,natural
natural_faces_image_0023.jpg,148,132,118,202,181,172,72,75,66,33,28,24,546,546,natural
natural_sunflower_image_0075.jpg,230,183,104,103,85,71,84,56,59,178,131,77,284,284,natural
natural_crocodilehead_image_0016.jpg,122,126,89,45,63,38,80,99,75,86,132,126,344,344,natural
natural_crayfish_image_0002.jpg,251,251,249,212,157,125,183,86,61,103,48,38,378,378,natural
natural_kangaroo_image_0076.jpg,134,110,80,33,27,12,196,158,123,83,68,45,741,741,natural
natural_stegosaurus_image_0003.jpg,75,53,42,12,5,4,220,152,126,140,102,81,737,737,natural
natural_lotus_image_0040.jpg,83,80,60,36,35,36,202,180,98,221,217,186,322,322,natural
natural_brain_image_0052.jpg,80,68,48,122,180,208,228,111,84,249,249,247,681,681,natural
natural_faces_image_0239.jpg,185,165,98,40,47,53,104,105,100,216,208,188,999,999,natural
natural_crocodile_image_0002.jpg,40,30,25,95,72,48,165,126,74,214,178,129,708,708,natural
natural_kangaroo_image_0009.jpg,117,101,80,137,123,98,87,70,59,160,147,121,299,299,natural
natural_trilobite_image_0082.jpg,2,1,1,113,76,57,221,191,179,168,125,107,470,470,natural
natural_flamingo_image_0025.jpg,86,76,68,223,160,182,112,92,87,183,114,124,297,297,natural
natural_sunflower_image_0037.jpg,218,206,99,87,98,68,87,146,194,25,35,38,301,301,natural
natural_faces_image_0029.jpg,59,58,46,218,199,190,126,118,89,173,171,143,662,662,natural
natural_llama_image_0049.jpg,92,59,27,197,142,78,149,101,51,236,183,114,576,576,natural
natural_starfish_image_0019.jpg,162,166,154,180,184,170,136,138,127,75,55,38,172,172,natural
natural_crab_image_0049.jpg,231,223,191,160,148,107,96,82,43,47,36,12,677,677,natural
natural_bonsai_image_0045.jpg,185,201,161,87,140,83,39,73,43,21,11,20,342,342,natural
natural_bass_image_0053.jpg,29,27,22,91,91,83,158,139,87,150,173,188,508,508,natural
natural_sunflower_image_0072.jpg,194,164,25,237,251,245,174,185,116,105,99,27,586,586,natural
natural_llama_image_0047.jpg,150,145,136,184,181,171,103,98,87,52,47,44,445,445,natural
natural_scorpian_image_0048.jpg,202,177,149,218,204,192,186,139,82,149,81,24,354,354,natural
natural_faces_easy_image_0321.jpg,228,233,219,126,155,182,52,52,55,101,94,109,656,656,natural
natural_ant_image_0016.jpg,11,11,11,205,205,205,81,81,81,147,147,147,418,418,natural
natural_brain_image_0075.jpg,243,241,242,16,15,20,150,119,110,196,151,138,387,387,natural
natural_faces_easy_image_0143.jpg,122,79,57,44,29,24,172,132,120,206,194,187,217,217,natural
natural_panda_image_0038.jpg,111,106,104,253,253,253,2,2,2,199,193,190,189,189,natural
natural_rhinatural_image_0005.jpg,177,157,140,207,184,165,60,55,41,128,123,111,333,333,natural
natural_butterfly_image_0038.jpg,179,119,42,128,165,78,83,123,31,35,45,14,669,669,natural
natural_faces_image_0312.jpg,103,92,81,169,155,134,35,34,36,208,209,195,960,960,natural
natural_lotus_image_0020.jpg,205,240,207,181,212,170,144,169,96,29,62,31,186,186,natural
natural_crab_image_0018.jpg,113,113,113,73,73,73,174,174,174,253,253,253,298,298,natural
natural_stegosaurus_image_0023.jpg,122,80,80,156,116,112,77,54,54,18,17,17,212,212,natural
natural_faces_image_0279.jpg,133,114,99,193,152,136,207,205,196,74,61,55,777,777,natural
natural_faces_easy_image_0201.jpg,13,13,12,90,104,106,184,147,134,234,204,187,388,388,natural
natural_beaver_image_0042.jpg,245,224,202,165,129,89,211,174,144,107,92,39,618,618,natural
natural_hawksbill_image_0029.jpg,177,175,170,253,254,254,75,78,78,126,126,125,480,480,natural
natural_sunflower_image_0030.jpg,194,197,30,108,133,58,137,167,104,74,61,20,511,511,natural
natural_okapi_image_0010.jpg,227,218,196,36,31,18,94,80,60,156,148,121,1188,1188,natural
natural_leopards_image_0029.jpg,12,11,4,153,143,98,110,106,69,73,71,42,269,269,natural
natural_sunflower_image_0040.jpg,135,119,108,229,207,80,74,67,64,19,18,20,523,523,natural
natural_bonsai_image_0125.jpg,108,107,81,175,175,167,46,42,24,246,246,246,502,502,natural
natural_pigeon_image_0038.jpg,137,116,121,28,15,21,73,54,58,105,85,89,487,487,natural
natural_dragonfly_image_0041.jpg,232,236,212,186,191,161,84,89,61,1,1,1,141,141,natural
natural_brontosaurs_image_0029.jpg,59,56,54,254,254,254,162,160,151,102,99,95,216,216,natural
natural_sunflower_image_0081.jpg,244,204,21,137,117,42,49,54,27,19,22,14,331,331,natural
natural_kangaroo_image_0081.jpg,125,99,84,76,54,42,239,215,187,182,147,126,854,854,natural
natural_faces_image_0425.jpg,119,114,98,53,42,35,173,153,132,191,194,190,761,761,natural
natural_trilobite_image_0051.jpg,2,1,3,78,63,58,132,125,122,57,50,114,313,313,natural
natural_butterfly_image_0057.jpg,25,33,29,196,155,90,245,231,199,208,206,182,146,146,natural
natural_courgarface_image_0063.jpg,183,150,116,237,228,212,96,64,45,225,200,164,430,430,natural
natural_dragonfly_image_0021.jpg,121,122,115,253,252,252,41,38,32,196,195,194,161,161,natural
natural_faces_image_0235.jpg,57,46,34,216,219,233,98,90,70,183,152,164,352,352,natural
natural_dolphin_image_0029.jpg,136,227,215,65,106,108,38,182,195,22,55,64,474,474,natural
natural_pigeon_image_0027.jpg,254,254,254,24,24,24,235,235,235,4,4,4,231,231,natural
natural_kangaroo_image_0024.jpg,187,185,186,130,126,109,42,53,36,76,90,65,401,401,natural
natural_panda_image_0035.jpg,143,145,130,206,208,197,49,49,48,252,252,250,442,442,natural
natural_lobster_image_0012.jpg,155,49,34,3,1,1,241,64,31,222,116,94,387,387,natural
natural_dolphin_image_0031.jpg,37,125,187,101,148,194,49,84,113,164,184,217,275,275,natural
natural_ewer_image_0070.jpg,71,70,70,117,117,117,179,178,177,35,30,30,317,317,natural
natural_starfish_image_0058.jpg,43,43,43,125,125,125,195,195,195,252,252,252,597,597,natural
natural_faces_image_0119.jpg,198,168,160,64,47,39,149,120,110,16,9,8,184,184,natural
natural_platypus_image_0015.jpg,29,24,6,65,58,22,186,176,119,113,103,54,240,240,natural
natural_scorpian_image_0029.jpg,51,35,29,216,202,181,119,98,82,246,239,225,485,485,natural
natural_faces_easy_image_0236.jpg,197,142,121,47,23,17,102,61,49,238,206,192,230,230,natural
natural_scorpian_image_0036.jpg,183,183,177,174,171,158,64,40,25,111,81,57,166,166,natural
natural_trilobite_image_0036.jpg,154,221,235,1,3,5,87,170,227,60,112,132,993,993,natural
natural_sunflower_image_0005.jpg,192,193,204,86,68,10,237,206,39,166,164,45,786,786,natural
natural_hawksbill_image_0010.jpg,174,219,234,49,76,103,20,30,48,91,144,175,449,449,natural
natural_bass_image_0016.jpg,157,153,99,86,77,55,22,15,19,209,207,154,348,348,natural
natural_leopards_image_0150.jpg,159,184,205,87,88,63,123,133,125,37,39,21,349,349,natural
natural_sunflower_image_0080.jpg,188,210,245,75,80,34,209,162,17,169,177,118,454,454,natural
natural_ant_image_0012.jpg,174,206,151,113,152,82,59,113,22,59,35,27,623,623,natural
natural_llama_image_0077.jpg,128,111,72,248,240,219,189,173,134,41,33,35,530,530,natural
natural_scorpian_image_0032.jpg,201,172,161,187,139,124,79,72,87,165,113,106,467,467,natural
natural_faces_image_0317.jpg,114,95,70,186,136,110,212,206,202,161,171,175,435,435,natural
natural_faces_image_0068.jpg,111,99,77,230,215,218,70,60,47,139,146,148,549,549,natural
natural_brain_image_0026.jpg,82,71,46,221,166,117,178,126,84,4,3,3,261,261,natural
natural_faces_easy_image_0357.jpg,42,30,24,189,145,139,218,191,191,103,82,75,225,225,natural
natural_bonsai_image_0086.jpg,252,252,233,64,98,68,16,25,12,151,170,125,474,474,natural